site_name,site_id,cammlr_region,longitude_epsg_4326,latitude_epsg_4326,common_name,day,month,year,season_starting,penguin_count,accuracy,count_type,vantage,reference
Beaufort Island,BEAN,88.1,166.8978,-76.9694,emperor penguin,19,11,2000,2000,839,1,adults,aerial,<strong>Kooyman  G.L. and P.J. Ponganis  </strong><i> 2016</i>. Rise and fall of Ross Sea emperor penguin colony populations: 2000 to 2012. Antarctic Science 29:201-208.
Beaufort Island,BEAN,88.1,166.8978,-76.9694,emperor penguin,22,11,2001,2001,1630,1,adults,aerial,<strong>Kooyman  G.L. and P.J. Ponganis  </strong><i> 2016</i>. Rise and fall of Ross Sea emperor penguin colony populations: 2000 to 2012. Antarctic Science 29:201-208.
Beaufort Island,BEAN,88.1,166.8978,-76.9694,emperor penguin,24,10,2002,2002,1805,1,adults,aerial,<strong>Kooyman  G.L. and P.J. Ponganis  </strong><i> 2016</i>. Rise and fall of Ross Sea emperor penguin colony populations: 2000 to 2012. Antarctic Science 29:201-208.
Beaufort Island,BEAN,88.1,166.8978,-76.9694,emperor penguin,30,10,2003,2003,883,1,adults,aerial,<strong>Kooyman  G.L. and P.J. Ponganis  </strong><i> 2016</i>. Rise and fall of Ross Sea emperor penguin colony populations: 2000 to 2012. Antarctic Science 29:201-208.
Beaufort Island,BEAN,88.1,166.8978,-76.9694,emperor penguin,30,10,2004,2004,882,1,adults,aerial,<strong>Kooyman  G.L. and P.J. Ponganis  </strong><i> 2016</i>. Rise and fall of Ross Sea emperor penguin colony populations: 2000 to 2012. Antarctic Science 29:201-208.
Beaufort Island,BEAN,88.1,166.8978,-76.9694,emperor penguin,12,11,2005,2005,1222,1,adults,aerial,<strong>Kooyman  G.L. and P.J. Ponganis  </strong><i> 2016</i>. Rise and fall of Ross Sea emperor penguin colony populations: 2000 to 2012. Antarctic Science 29:201-208.
Beaufort Island,BEAN,88.1,166.8978,-76.9694,emperor penguin,31,10,2006,2006,1312,1,adults,aerial,<strong>Kooyman  G.L. and P.J. Ponganis  </strong><i> 2016</i>. Rise and fall of Ross Sea emperor penguin colony populations: 2000 to 2012. Antarctic Science 29:201-208.
Beaufort Island,BEAN,88.1,166.8978,-76.9694,emperor penguin,30,10,2007,2007,912,1,adults,aerial,<strong>Kooyman  G.L. and P.J. Ponganis  </strong><i> 2016</i>. Rise and fall of Ross Sea emperor penguin colony populations: 2000 to 2012. Antarctic Science 29:201-208.
Beaufort Island,BEAN,88.1,166.8978,-76.9694,emperor penguin,5,11,2008,2008,1109,1,adults,aerial,<strong>Kooyman  G.L. and P.J. Ponganis  </strong><i> 2016</i>. Rise and fall of Ross Sea emperor penguin colony populations: 2000 to 2012. Antarctic Science 29:201-208.
Beaufort Island,BEAN,88.1,166.8978,-76.9694,emperor penguin,13,10,2010,2010,2123,1,adults,aerial,<strong>Kooyman  G.L. and P.J. Ponganis  </strong><i> 2016</i>. Rise and fall of Ross Sea emperor penguin colony populations: 2000 to 2012. Antarctic Science 29:201-208.
Beaufort Island,BEAN,88.1,166.8978,-76.9694,emperor penguin,5,11,2011,2011,667,1,adults,aerial,<strong>Kooyman  G.L. and P.J. Ponganis  </strong><i> 2016</i>. Rise and fall of Ross Sea emperor penguin colony populations: 2000 to 2012. Antarctic Science 29:201-208.
Beaufort Island,BEAN,88.1,166.8978,-76.9694,emperor penguin,31,10,2012,2012,812,1,adults,aerial,<strong>Kooyman  G.L. and P.J. Ponganis  </strong><i> 2016</i>. Rise and fall of Ross Sea emperor penguin colony populations: 2000 to 2012. Antarctic Science 29:201-208.
Beaufort Island,BEAN,88.1,166.8978,-76.9694,emperor penguin,31,10,2018,2018,462,1,adults,aerial,LaRue et al. 2018
Coulman Island,COUL,88.1,169.61,-73.35,emperor penguin,5,11,2005,2005,25406,1,adults,aerial,<strong>Kooyman  G.L. and P.J. Ponganis  </strong><i> 2016</i>. Rise and fall of Ross Sea emperor penguin colony populations: 2000 to 2012. Antarctic Science 29:201-208.
Coulman Island,COUL,88.1,169.61,-73.35,emperor penguin,30,10,2006,2006,31432,1,adults,aerial,<strong>Kooyman  G.L. and P.J. Ponganis  </strong><i> 2016</i>. Rise and fall of Ross Sea emperor penguin colony populations: 2000 to 2012. Antarctic Science 29:201-208.
Coulman Island,COUL,88.1,169.61,-73.35,emperor penguin,1,11,2007,2007,20202,1,adults,aerial,<strong>Kooyman  G.L. and P.J. Ponganis  </strong><i> 2016</i>. Rise and fall of Ross Sea emperor penguin colony populations: 2000 to 2012. Antarctic Science 29:201-208.
Coulman Island,COUL,88.1,169.61,-73.35,emperor penguin,7,11,2008,2008,25966,1,adults,aerial,<strong>Kooyman  G.L. and P.J. Ponganis  </strong><i> 2016</i>. Rise and fall of Ross Sea emperor penguin colony populations: 2000 to 2012. Antarctic Science 29:201-208.
Coulman Island,COUL,88.1,169.61,-73.35,emperor penguin,29,10,2010,2010,11348,1,adults,aerial,<strong>Kooyman  G.L. and P.J. Ponganis  </strong><i> 2016</i>. Rise and fall of Ross Sea emperor penguin colony populations: 2000 to 2012. Antarctic Science 29:201-208.
Coulman Island,COUL,88.1,169.61,-73.35,emperor penguin,5,11,2011,2011,26959,1,adults,aerial,<strong>Kooyman  G.L. and P.J. Ponganis  </strong><i> 2016</i>. Rise and fall of Ross Sea emperor penguin colony populations: 2000 to 2012. Antarctic Science 29:201-208.
Coulman Island,COUL,88.1,169.61,-73.35,emperor penguin,23,10,2012,2012,25428,1,adults,aerial,<strong>Kooyman  G.L. and P.J. Ponganis  </strong><i> 2016</i>. Rise and fall of Ross Sea emperor penguin colony populations: 2000 to 2012. Antarctic Science 29:201-208.
Coulman Island,COUL,88.1,169.61,-73.35,emperor penguin,31,10,2018,2018,19822,1,adults,aerial,LaRue et al. 2018
Cape Crozier,CROZ,88.1,169.32,-77.46,emperor penguin,22,11,2001,2001,0,1,adults,ground,<strong>Kooyman  G.L. and P.J. Ponganis  </strong><i> 2016</i>. Rise and fall of Ross Sea emperor penguin colony populations: 2000 to 2012. Antarctic Science 29:201-208.
Cape Crozier,CROZ,88.1,169.32,-77.46,emperor penguin,23,11,2003,2003,333,1,adults,ground,<strong>Kooyman  G.L. and P.J. Ponganis  </strong><i> 2016</i>. Rise and fall of Ross Sea emperor penguin colony populations: 2000 to 2012. Antarctic Science 29:201-208.
Cape Crozier,CROZ,88.1,169.32,-77.46,emperor penguin,13,10,2004,2004,224,1,adults,ground,<strong>Kooyman  G.L. and P.J. Ponganis  </strong><i> 2016</i>. Rise and fall of Ross Sea emperor penguin colony populations: 2000 to 2012. Antarctic Science 29:201-208.
Cape Crozier,CROZ,88.1,169.32,-77.46,emperor penguin,17,10,2005,2005,437,1,adults,ground,<strong>Kooyman  G.L. and P.J. Ponganis  </strong><i> 2016</i>. Rise and fall of Ross Sea emperor penguin colony populations: 2000 to 2012. Antarctic Science 29:201-208.
Cape Crozier,CROZ,88.1,169.32,-77.46,emperor penguin,24,10,2006,2006,469,1,adults,ground,<strong>Kooyman  G.L. and P.J. Ponganis  </strong><i> 2016</i>. Rise and fall of Ross Sea emperor penguin colony populations: 2000 to 2012. Antarctic Science 29:201-208.
Cape Crozier,CROZ,88.1,169.32,-77.46,emperor penguin,17,10,2007,2007,537,1,adults,ground,<strong>Kooyman  G.L. and P.J. Ponganis  </strong><i> 2016</i>. Rise and fall of Ross Sea emperor penguin colony populations: 2000 to 2012. Antarctic Science 29:201-208.
Cape Crozier,CROZ,88.1,169.32,-77.46,emperor penguin,13,10,2008,2008,623,1,adults,ground,<strong>Kooyman  G.L. and P.J. Ponganis  </strong><i> 2016</i>. Rise and fall of Ross Sea emperor penguin colony populations: 2000 to 2012. Antarctic Science 29:201-208.
Cape Crozier,CROZ,88.1,169.32,-77.46,emperor penguin,15,10,2010,2010,856,1,adults,ground,<strong>Kooyman  G.L. and P.J. Ponganis  </strong><i> 2016</i>. Rise and fall of Ross Sea emperor penguin colony populations: 2000 to 2012. Antarctic Science 29:201-208.
Cape Crozier,CROZ,88.1,169.32,-77.46,emperor penguin,5,11,2011,2011,878,1,adults,ground,<strong>Kooyman  G.L. and P.J. Ponganis  </strong><i> 2016</i>. Rise and fall of Ross Sea emperor penguin colony populations: 2000 to 2012. Antarctic Science 29:201-208.
Cape Crozier,CROZ,88.1,169.32,-77.46,emperor penguin,19,10,2012,2012,1189,1,adults,ground,<strong>Kooyman  G.L. and P.J. Ponganis  </strong><i> 2016</i>. Rise and fall of Ross Sea emperor penguin colony populations: 2000 to 2012. Antarctic Science 29:201-208.
Cape Crozier,CROZ,88.1,169.32,-77.46,emperor penguin,25,10,2018,2018,1536,1,adults,aerial,LaRue et al. 2018
Cape Crozier,CROZ,88.1,169.32,-77.46,emperor penguin,29,10,2018,2018,1762,1,adults,aerial,LaRue et al. 2018
Cape Crozier,CROZ,88.1,169.32,-77.46,emperor penguin,9,11,2018,2018,1696,1,adults,aerial,LaRue et al. 2018
Cape Crozier,CROZ,88.1,169.32,-77.46,emperor penguin,13,11,2018,2018,1579,1,adults,aerial,LaRue et al. 2018
Cape Crozier,CROZ,88.1,169.32,-77.46,emperor penguin,15,11,2018,2018,1823,2,adults,aerial,LaRue et al. 2018
Cape Crozier,CROZ,88.1,169.32,-77.46,emperor penguin,21,11,2024,2024,1075,1,adults,aerial,Annie Schmidt et al. drone survey
Cape Crozier,CROZ,88.1,169.32,-77.46,emperor penguin,22,11,2025,2025,627,1,adults,aerial,Annie Schmidt et al. drone survey
Franklin Island,FRAN,88.1,168.43,-76.18,emperor penguin,15,11,2001,2001,2304,1,adults,aerial,<strong>Kooyman  G.L. and P.J. Ponganis  </strong><i> 2016</i>. Rise and fall of Ross Sea emperor penguin colony populations: 2000 to 2012. Antarctic Science 29:201-208.
Franklin Island,FRAN,88.1,168.43,-76.18,emperor penguin,31,10,2003,2003,1824,1,adults,aerial,<strong>Kooyman  G.L. and P.J. Ponganis  </strong><i> 2016</i>. Rise and fall of Ross Sea emperor penguin colony populations: 2000 to 2012. Antarctic Science 29:201-208.
Franklin Island,FRAN,88.1,168.43,-76.18,emperor penguin,15,11,2004,2004,5089,1,adults,aerial,<strong>Kooyman  G.L. and P.J. Ponganis  </strong><i> 2016</i>. Rise and fall of Ross Sea emperor penguin colony populations: 2000 to 2012. Antarctic Science 29:201-208.
Franklin Island,FRAN,88.1,168.43,-76.18,emperor penguin,26,10,2005,2005,2460,1,adults,aerial,<strong>Kooyman  G.L. and P.J. Ponganis  </strong><i> 2016</i>. Rise and fall of Ross Sea emperor penguin colony populations: 2000 to 2012. Antarctic Science 29:201-208.
Franklin Island,FRAN,88.1,168.43,-76.18,emperor penguin,31,10,2006,2006,6768,1,adults,aerial,<strong>Kooyman  G.L. and P.J. Ponganis  </strong><i> 2016</i>. Rise and fall of Ross Sea emperor penguin colony populations: 2000 to 2012. Antarctic Science 29:201-208.
Franklin Island,FRAN,88.1,168.43,-76.18,emperor penguin,30,10,2007,2007,4315,1,adults,aerial,<strong>Kooyman  G.L. and P.J. Ponganis  </strong><i> 2016</i>. Rise and fall of Ross Sea emperor penguin colony populations: 2000 to 2012. Antarctic Science 29:201-208.
Franklin Island,FRAN,88.1,168.43,-76.18,emperor penguin,7,11,2008,2008,2103,1,adults,aerial,<strong>Kooyman  G.L. and P.J. Ponganis  </strong><i> 2016</i>. Rise and fall of Ross Sea emperor penguin colony populations: 2000 to 2012. Antarctic Science 29:201-208.
Franklin Island,FRAN,88.1,168.43,-76.18,emperor penguin,29,10,2010,2010,5108,1,adults,aerial,<strong>Kooyman  G.L. and P.J. Ponganis  </strong><i> 2016</i>. Rise and fall of Ross Sea emperor penguin colony populations: 2000 to 2012. Antarctic Science 29:201-208.
Franklin Island,FRAN,88.1,168.43,-76.18,emperor penguin,5,11,2011,2011,5609,1,adults,aerial,<strong>Kooyman  G.L. and P.J. Ponganis  </strong><i> 2016</i>. Rise and fall of Ross Sea emperor penguin colony populations: 2000 to 2012. Antarctic Science 29:201-208.
Franklin Island,FRAN,88.1,168.43,-76.18,emperor penguin,23,10,2012,2012,7073,1,adults,aerial,<strong>Kooyman  G.L. and P.J. Ponganis  </strong><i> 2016</i>. Rise and fall of Ross Sea emperor penguin colony populations: 2000 to 2012. Antarctic Science 29:201-208.
Franklin Island,FRAN,88.1,168.43,-76.18,emperor penguin,31,10,2018,2018,3975,1,adults,aerial,LaRue et al. 2018
Cape Roget,ROGE,88.1,170.59,-71.99,emperor penguin,1,11,2007,2007,4339,1,adults,ground,<strong>Kooyman  G.L. and P.J. Ponganis  </strong><i> 2016</i>. Rise and fall of Ross Sea emperor penguin colony populations: 2000 to 2012. Antarctic Science 29:201-208.
Cape Roget,ROGE,88.1,170.59,-71.99,emperor penguin,7,11,2008,2008,5934,1,adults,ground,<strong>Kooyman  G.L. and P.J. Ponganis  </strong><i> 2016</i>. Rise and fall of Ross Sea emperor penguin colony populations: 2000 to 2012. Antarctic Science 29:201-208.
Cape Roget,ROGE,88.1,170.59,-71.99,emperor penguin,29,10,2010,2010,5702,1,adults,ground,<strong>Kooyman  G.L. and P.J. Ponganis  </strong><i> 2016</i>. Rise and fall of Ross Sea emperor penguin colony populations: 2000 to 2012. Antarctic Science 29:201-208.
Cape Roget,ROGE,88.1,170.59,-71.99,emperor penguin,5,11,2011,2011,7144,1,adults,ground,<strong>Kooyman  G.L. and P.J. Ponganis  </strong><i> 2016</i>. Rise and fall of Ross Sea emperor penguin colony populations: 2000 to 2012. Antarctic Science 29:201-208.
Cape Roget,ROGE,88.1,170.59,-71.99,emperor penguin,23,10,2012,2012,6270,1,adults,ground,<strong>Kooyman  G.L. and P.J. Ponganis  </strong><i> 2016</i>. Rise and fall of Ross Sea emperor penguin colony populations: 2000 to 2012. Antarctic Science 29:201-208.
Cape Roget,ROGE,88.1,170.59,-71.99,emperor penguin,31,10,2018,2018,5221,1,adults,aerial,LaRue et al. 2018
Cape Washington,WASH,88.1,165.37,-74.64,emperor penguin,31,10,2004,2004,11160,1,adults,aerial,<strong>Kooyman  G.L. and P.J. Ponganis  </strong><i> 2016</i>. Rise and fall of Ross Sea emperor penguin colony populations: 2000 to 2012. Antarctic Science 29:201-208.
Cape Washington,WASH,88.1,165.37,-74.64,emperor penguin,31,10,2005,2005,17015,2,adults,aerial,<strong>Kooyman  G.L. and P.J. Ponganis  </strong><i> 2016</i>. Rise and fall of Ross Sea emperor penguin colony populations: 2000 to 2012. Antarctic Science 29:201-208.
Cape Washington,WASH,88.1,165.37,-74.64,emperor penguin,31,10,2006,2006,16822,1,adults,aerial,<strong>Kooyman  G.L. and P.J. Ponganis  </strong><i> 2016</i>. Rise and fall of Ross Sea emperor penguin colony populations: 2000 to 2012. Antarctic Science 29:201-208.
Cape Washington,WASH,88.1,165.37,-74.64,emperor penguin,31,10,2007,2007,15651,1,adults,aerial,<strong>Kooyman  G.L. and P.J. Ponganis  </strong><i> 2016</i>. Rise and fall of Ross Sea emperor penguin colony populations: 2000 to 2012. Antarctic Science 29:201-208.
Cape Washington,WASH,88.1,165.37,-74.64,emperor penguin,31,10,2008,2008,10220,1,adults,aerial,<strong>Kooyman  G.L. and P.J. Ponganis  </strong><i> 2016</i>. Rise and fall of Ross Sea emperor penguin colony populations: 2000 to 2012. Antarctic Science 29:201-208.
Cape Washington,WASH,88.1,165.37,-74.64,emperor penguin,31,10,2010,2010,6003,1,adults,aerial,<strong>Kooyman  G.L. and P.J. Ponganis  </strong><i> 2016</i>. Rise and fall of Ross Sea emperor penguin colony populations: 2000 to 2012. Antarctic Science 29:201-208.
Cape Washington,WASH,88.1,165.37,-74.64,emperor penguin,31,10,2011,2011,10322,1,adults,aerial,<strong>Kooyman  G.L. and P.J. Ponganis  </strong><i> 2016</i>. Rise and fall of Ross Sea emperor penguin colony populations: 2000 to 2012. Antarctic Science 29:201-208.
Cape Washington,WASH,88.1,165.37,-74.64,emperor penguin,31,10,2012,2012,17096,1,adults,aerial,<strong>Kooyman  G.L. and P.J. Ponganis  </strong><i> 2016</i>. Rise and fall of Ross Sea emperor penguin colony populations: 2000 to 2012. Antarctic Science 29:201-208.
Cape Washington,WASH,88.1,165.37,-74.64,emperor penguin,31,10,2018,2018,12178,1,adults,aerial,LaRue et al. 2018
Cape Colbeck  Edward VII Peninsula,CBEK,88.2,-157.7,-77.14,emperor penguin,31,10,2008,2008,13820,1,adults,aerial,<strong>Kooyman  G.L. and P.J. Ponganis  </strong><i> 2016</i>. Rise and fall of Ross Sea emperor penguin colony populations: 2000 to 2012. Antarctic Science 29:201-208.
Cape Colbeck  Edward VII Peninsula,CBEK,88.2,-157.7,-77.14,emperor penguin,31,10,2011,2011,26266,1,adults,aerial,<strong>Kooyman  G.L. and P.J. Ponganis  </strong><i> 2016</i>. Rise and fall of Ross Sea emperor penguin colony populations: 2000 to 2012. Antarctic Science 29:201-208.
Cape Colbeck  Edward VII Peninsula,CBEK,88.2,-157.7,-77.14,emperor penguin,31,10,2012,2012,21385,1,adults,aerial,<strong>Kooyman  G.L. and P.J. Ponganis  </strong><i> 2016</i>. Rise and fall of Ross Sea emperor penguin colony populations: 2000 to 2012. Antarctic Science 29:201-208.
