"year","site_number","N_mean","N_se","N_q025","N_q05","N_median","N_q95","N_q975","change_since_2005_mean","change_since_2005_q025","change_since_2005_q05","change_since_2005_median","change_since_2005_q95","change_since_2005_q975","prob_decline_since_2005","site_id","site_name","lat","lon","ccamlr_reg","ice_reg","p_ice_reg","MPA_current_name","MPA_proposed_name","in_MPA_current","in_MPA_any","site_id_factor"
2005,1,15690.5629290906,4474.65322008032,9404.99919703789,10070.3301814319,14891.952785252,24060.7184178375,26607.5134376872,0,0,0,0,0,0,0,"CBEK","Cape Colbeck",-77.135,-157.715,"Subarea 88.2","Amundsen Sea","Ross","Ross","","yes","yes","CBEK"
2005,2,16202.3226583953,3221.40309303675,10840.734813797,11542.7394602411,15892.2790675083,21955.4209249941,23401.2444849568,0,0,0,0,0,0,0,"WASH","Cape Washington",-74.64,165.37,"Subarea 88.1","Victoria Oates Land","Ross","Ross","","yes","yes","WASH"
2005,3,1601.73472492119,296.90991821112,1111.76065834623,1173.26837891186,1568.31782172454,2136.43980047964,2276.82572760188,0,0,0,0,0,0,0,"BEAN","Beaufort Island",-76.94,167.02,"Subarea 88.1","Victoria Oates Land","Ross","Ross","","yes","yes","BEAN"
2005,4,4733.51396911252,889.199656629577,3297.96619206665,3474.58068742036,4628.47897121711,6341.7733551017,6796.70383151062,0,0,0,0,0,0,0,"FRAN","Franklin Island",-76.18,168.43,"Subarea 88.1","Victoria Oates Land","Ross","Ross","","yes","yes","FRAN"
2005,5,485.68245650067,101.429997864261,319.570189842172,341.561938994718,474.073755455107,669.950398943463,714.642983281677,0,0,0,0,0,0,0,"CROZ","Cape Crozier",-77.46,169.32,"Subarea 88.1","Victoria Oates Land","Ross","Ross","","yes","yes","CROZ"
2005,6,28830.5228523413,5296.70315653308,20113.3673293002,21258.5596137567,28234.5715174799,38374.7155659593,40808.1856194397,0,0,0,0,0,0,0,"COUL","Coulman Island",-73.35,169.61,"Subarea 88.1","Victoria Oates Land","Ross","Ross","","yes","yes","COUL"
2005,7,7328.01651695713,1753.43371764765,4669.86111348437,4966.93354332667,7072.60096770228,10532.4012205135,11457.7363250983,0,0,0,0,0,0,0,"ROGE","Cape Roget",-71.99,170.59,"Subarea 88.1","Victoria Oates Land","Ross","Ross","","yes","yes","ROGE"
2006,1,15329.940533443,4212.93469955685,9044.97435378239,9744.64068922689,14660.3457688772,23003.6524555011,25281.1140828027,-360.622395647599,-6283.31261500082,-4965.15230879939,-257.094617009665,3935.39293018558,4926.26939655702,0.542,"CBEK","Cape Colbeck",-77.135,-157.715,"Subarea 88.2","Amundsen Sea","Ross","Ross","","yes","yes","CBEK"
2006,2,15757.2326124487,2614.25930826061,11333.0715051868,11896.6079654596,15526.8986683204,20344.6306942858,21515.4655181964,-445.090045946583,-5836.24037536869,-4778.63279355523,-379.895851788386,3671.83561521559,4510.92745662863,0.561066666666667,"WASH","Cape Washington",-74.64,165.37,"Subarea 88.1","Victoria Oates Land","Ross","Ross","","yes","yes","WASH"
2006,3,1514.28740942613,238.353391628625,1114.14209702414,1169.20810898019,1491.60443543178,1938.92556854301,2047.37871241034,-87.4473154950593,-599.688736371006,-504.051062485233,-75.9604639869224,295.002849259473,369.846732028253,0.636233333333333,"BEAN","Beaufort Island",-76.94,167.02,"Subarea 88.1","Victoria Oates Land","Ross","Ross","","yes","yes","BEAN"
2006,4,5185.02376781703,893.224050357345,3704.81516753817,3888.42122256686,5096.87482186181,6785.35663559552,7203.39124417503,451.509798704511,-1082.10318212248,-802.988041473719,427.922169111008,1783.42680464972,2087.595401723,0.276466666666667,"FRAN","Franklin Island",-76.18,168.43,"Subarea 88.1","Victoria Oates Land","Ross","Ross","","yes","yes","FRAN"
2006,5,508.03553220098,90.5569515493255,355.671620526091,376.055625204349,499.536694189781,669.226841438445,709.505160230155,22.3530757003102,-143.746456669861,-112.830972690091,24.4066859859275,150.180193217904,175.921996753719,0.372066666666667,"CROZ","Cape Crozier",-77.46,169.32,"Subarea 88.1","Victoria Oates Land","Ross","Ross","","yes","yes","CROZ"
2006,6,28379.3610981713,4561.08685714867,20679.6802573648,21713.3610631765,27965.8299318276,36546.3671984429,38433.3669163538,-451.161754169946,-9742.6060449932,-7938.00827752858,-368.010782836693,6775.44158123278,8385.10201162569,0.535433333333333,"COUL","Coulman Island",-73.35,169.61,"Subarea 88.1","Victoria Oates Land","Ross","Ross","","yes","yes","COUL"
2006,7,6662.7780571674,1492.65291769594,4271.25936091277,4561.76935207177,6482.98133978322,9337.99400412555,10090.468851547,-665.238459789727,-3367.94826855523,-2788.16473177866,-586.237161049468,1191.60731316292,1575.58074769301,0.7066,"ROGE","Cape Roget",-71.99,170.59,"Subarea 88.1","Victoria Oates Land","Ross","Ross","","yes","yes","ROGE"
2007,1,15764.964284386,4225.68472824851,9318.88314547933,10192.7923838478,15300.0922289082,23142.5294549261,25093.926603645,74.4013552953449,-8594.34231486379,-6388.68352039791,315.49949114404,5831.02250887234,7094.50494664879,0.4602,"CBEK","Cape Colbeck",-77.135,-157.715,"Subarea 88.2","Amundsen Sea","Ross","Ross","","yes","yes","CBEK"
2007,2,14703.7720171341,2440.60963286142,10529.9243551676,11088.422221466,14496.3514031496,19036.7834172072,20088.3707594168,-1498.55064126124,-8342.72563793478,-6993.85110720209,-1382.59017802916,3601.07222321329,4621.84516891845,0.675233333333333,"WASH","Cape Washington",-74.64,165.37,"Subarea 88.1","Victoria Oates Land","Ross","Ross","","yes","yes","WASH"
2007,3,1362.99788642668,231.920674969815,967.450051048451,1020.19286277961,1341.70930494642,1775.89824212487,1872.86008066079,-238.736838494515,-880.659296988735,-754.772556404714,-223.836936578649,231.450994682409,325.811923470736,0.794366666666667,"BEAN","Beaufort Island",-76.94,167.02,"Subarea 88.1","Victoria Oates Land","Ross","Ross","","yes","yes","BEAN"
2007,4,4954.46643405422,856.586943592044,3509.41249400485,3695.13117924209,4872.55124052315,6478.43458888195,6858.97477010616,220.952464941695,-1646.3973436067,-1316.64397986162,222.732160612867,1751.26517497642,2077.36191077311,0.4005,"FRAN","Franklin Island",-76.18,168.43,"Subarea 88.1","Victoria Oates Land","Ross","Ross","","yes","yes","FRAN"
2007,5,556.581333243137,95.554493468396,392.927075766246,414.618206402004,547.907232169166,725.622429061068,768.587663401725,70.8988767424678,-146.160332656476,-107.417797900846,71.5112929528386,245.586028274258,280.841826849862,0.240233333333333,"CROZ","Cape Crozier",-77.46,169.32,"Subarea 88.1","Victoria Oates Land","Ross","Ross","","yes","yes","CROZ"
2007,6,26387.6559278492,4294.80728944079,18966.7828412588,20015.1859105489,26021.3420465719,33967.2932433099,35772.0217598437,-2442.86692449206,-14094.1150680398,-11858.2790713985,-2282.13009661318,6316.18099927671,8192.3987257181,0.670133333333333,"COUL","Coulman Island",-73.35,169.61,"Subarea 88.1","Victoria Oates Land","Ross","Ross","","yes","yes","COUL"
2007,7,6423.09854496798,1227.11768478894,4367.4811682956,4633.64239545625,6310.80192802723,8582.30602810717,9139.06431345935,-904.91797198915,-4451.86937154554,-3667.4500025496,-775.98333755846,1398.86968369205,1827.97045355508,0.7141,"ROGE","Cape Roget",-71.99,170.59,"Subarea 88.1","Victoria Oates Land","Ross","Ross","","yes","yes","ROGE"
2008,1,16425.6802857336,3471.63791158369,10789.4255867257,11467.3396964767,16045.9176772479,22664.4480914019,24301.6333988299,735.117356642937,-8650.49888273017,-6594.47719580761,1049.14305912015,7001.29782275924,8239.29744003559,0.3884,"CBEK","Cape Colbeck",-77.135,-157.715,"Subarea 88.2","Amundsen Sea","Ross","Ross","","yes","yes","CBEK"
2008,2,12901.2070236515,2176.12309590094,9153.04082897978,9666.52730020483,12717.5957230315,16769.2382726507,17646.817070042,-3301.11563474378,-10794.2058531645,-9344.37223182066,-3121.72350583456,2116.60552589779,3114.05433226688,0.837366666666667,"WASH","Cape Washington",-74.64,165.37,"Subarea 88.1","Victoria Oates Land","Ross","Ross","","yes","yes","WASH"
2008,3,1358.92084175307,230.772586115434,965.704045576307,1019.28878430555,1338.03678365018,1768.81422576987,1870.18118787135,-242.813883168127,-931.60771362664,-806.778366122275,-231.53214542235,278.071375829507,381.980491266071,0.772233333333333,"BEAN","Beaufort Island",-76.94,167.02,"Subarea 88.1","Victoria Oates Land","Ross","Ross","","yes","yes","BEAN"
2008,4,4776.67223685882,871.573320135125,3277.82145178871,3476.57744230605,4699.08484529667,6311.66603246351,6679.82702371226,43.1582677462948,-2020.88938218261,-1631.57828960824,54.9718293057376,1671.65276102922,2005.75422064782,0.478766666666667,"FRAN","Franklin Island",-76.18,168.43,"Subarea 88.1","Victoria Oates Land","Ross","Ross","","yes","yes","FRAN"
2008,5,603.915013951147,105.939632323755,420.251481475172,445.033606705502,595.802645531152,788.990841222369,834.705614046038,118.232557450478,-135.34054894102,-91.1190156911712,118.823086432928,325.543725114237,372.4243578101,0.166766666666667,"CROZ","Cape Crozier",-77.46,169.32,"Subarea 88.1","Victoria Oates Land","Ross","Ross","","yes","yes","CROZ"
2008,6,26034.7670682526,4281.4320514354,18729.5852193276,19716.1315300963,25667.5133328751,33598.3454512842,35567.7548976323,-2795.75578408869,-15322.5590996589,-13006.0592754936,-2646.6190501085,6873.14981276451,8767.63423075319,0.680233333333333,"COUL","Coulman Island",-73.35,169.61,"Subarea 88.1","Victoria Oates Land","Ross","Ross","","yes","yes","COUL"
2008,7,6819.73844371141,1181.0706183304,4791.4556173205,5070.53559518567,6716.35818396271,8927.67185746266,9441.02391473088,-508.278073245719,-4361.1285615153,-3595.14571382094,-369.06668722601,2119.0522818241,2635.98903151665,0.5971,"ROGE","Cape Roget",-71.99,170.59,"Subarea 88.1","Victoria Oates Land","Ross","Ross","","yes","yes","ROGE"
2009,1,17457.0195947898,3798.13110654406,11185.7997801914,11996.3363559894,17055.117692275,24271.2299476639,25921.4933626777,1766.45666569917,-8746.12895234064,-6491.59123214018,2019.07041651651,9161.86928060496,10825.3169470639,0.322766666666667,"CBEK","Cape Colbeck",-77.135,-157.715,"Subarea 88.2","Amundsen Sea","Ross","Ross","","yes","yes","CBEK"
2009,2,11821.2391069368,2078.83586780905,8258.82486066277,8716.56030603997,11656.9977132212,15471.1196436452,16354.2987013655,-4381.08355145848,-12220.0644287015,-10719.133784179,-4180.2390699588,1177.81798488835,2141.68515099231,0.899066666666667,"WASH","Cape Washington",-74.64,165.37,"Subarea 88.1","Victoria Oates Land","Ross","Ross","","yes","yes","WASH"
2009,3,1389.73775989617,240.435836777886,991.69444408071,1043.02716332502,1364.28982676047,1818.32925229995,1933.20846559865,-211.996965025024,-927.134224243284,-798.200803545345,-204.433569285822,352.078131904209,469.660021557102,0.734333333333333,"BEAN","Beaufort Island",-76.94,167.02,"Subarea 88.1","Victoria Oates Land","Ross","Ross","","yes","yes","BEAN"
2009,4,5825.66130329343,910.57427151085,4296.44942352796,4489.90708153769,5743.78691860821,7447.50317392715,7848.61662156519,1092.14733418091,-1146.61582496719,-750.548364011984,1075.26450143736,2980.69276145955,3395.24771447085,0.158933333333333,"FRAN","Franklin Island",-76.18,168.43,"Subarea 88.1","Victoria Oates Land","Ross","Ross","","yes","yes","FRAN"
2009,5,636.320881618896,124.88353933342,422.471626731694,450.11957005567,626.696406046063,855.463292996399,909.791251013645,150.638425118227,-135.874065371253,-86.3485390895854,149.042027622081,393.600791200417,446.431805368901,0.1448,"CROZ","Cape Crozier",-77.46,169.32,"Subarea 88.1","Victoria Oates Land","Ross","Ross","","yes","yes","CROZ"
2009,6,24504.8638343883,4031.55457838673,17640.0758935219,18596.7732292491,24154.9163371079,31674.8636811575,33468.5496033738,-4325.65901795302,-17202.6281883721,-14834.605583033,-4091.98192683777,5451.37606587029,7416.0380526586,0.762933333333333,"COUL","Coulman Island",-73.35,169.61,"Subarea 88.1","Victoria Oates Land","Ross","Ross","","yes","yes","COUL"
2009,7,7266.38958185131,1190.44564029302,5285.9478345035,5551.10877430214,7150.69416192111,9393.50388029914,9958.20674451616,-61.6269351058192,-4118.30902032816,-3278.59071219186,58.6603445149021,2792.38587937157,3346.62041283905,0.486133333333333,"ROGE","Cape Roget",-71.99,170.59,"Subarea 88.1","Victoria Oates Land","Ross","Ross","","yes","yes","ROGE"
2010,1,19430.8539086183,3935.90101034921,12931.2315514063,13782.5362900222,19005.8405261093,26458.6837126702,28328.1356588336,3740.29097952773,-7358.51191300329,-5126.56905856474,3944.85993683205,11892.5547588618,13655.6207120236,0.206966666666667,"CBEK","Cape Colbeck",-77.135,-157.715,"Subarea 88.2","Amundsen Sea","Ross","Ross","","yes","yes","CBEK"
2010,2,11421.8935601333,1981.38750946683,7950.04154137529,8445.2557739246,11273.9637050501,14894.9024746825,15690.5162098367,-4780.42909826203,-12645.526150348,-11138.2516088203,-4608.67838079008,873.00562550295,1943.29402738533,0.916733333333333,"WASH","Cape Washington",-74.64,165.37,"Subarea 88.1","Victoria Oates Land","Ross","Ross","","yes","yes","WASH"
2010,3,1385.92663533114,215.660645666262,1023.97736562776,1070.19955948795,1365.64525325251,1772.60890853316,1865.28225169137,-215.808089590051,-931.763884802019,-799.841206936571,-206.157518934248,332.77537056757,446.834578708397,0.735466666666667,"BEAN","Beaufort Island",-76.94,167.02,"Subarea 88.1","Victoria Oates Land","Ross","Ross","","yes","yes","BEAN"
2010,4,6802.42655991283,913.788149890075,5249.62926199528,5454.85604265082,6724.19209753477,8419.65737329601,8803.42700387673,2068.91259080031,-328.994281799945,72.3919115904139,2062.71678258442,4058.88766697404,4499.92394662163,0.0441,"FRAN","Franklin Island",-76.18,168.43,"Subarea 88.1","Victoria Oates Land","Ross","Ross","","yes","yes","FRAN"
2010,5,753.628427638012,122.861425958065,541.841704643101,571.52951528545,744.087282820246,970.878429895191,1024.84290777006,267.945971137343,-26.1622984556722,26.0770224738184,265.775776911563,520.344853643265,576.758635362571,0.0352666666666667,"CROZ","Cape Crozier",-77.46,169.32,"Subarea 88.1","Victoria Oates Land","Ross","Ross","","yes","yes","CROZ"
2010,6,23104.2631573099,2974.62486866479,18029.7384827744,18690.5646025637,22867.891972239,28357.7216353645,29602.7189674354,-5726.2596950314,-18268.4447662934,-15880.4688219273,-5364.64660148341,3152.32036953208,4712.83830768395,0.847,"COUL","Coulman Island",-73.35,169.61,"Subarea 88.1","Victoria Oates Land","Ross","Ross","","yes","yes","COUL"
2010,7,7237.27212328431,1004.39338860588,5533.21551678732,5769.22556316357,7146.31330093943,9024.97550612265,9494.57053876404,-90.7443936728199,-4312.93647489749,-3411.72788813437,60.3480989291229,2688.04393193708,3184.96493264699,0.486266666666667,"ROGE","Cape Roget",-71.99,170.59,"Subarea 88.1","Victoria Oates Land","Ross","Ross","","yes","yes","ROGE"
2011,1,22065.3753871378,4014.14794874938,15251.5948751371,16164.6604995206,21663.466371252,29200.3118782077,31065.4888982738,6374.81245804715,-5328.22329477336,-2891.03412638379,6544.58002049791,15073.2427889848,16953.0996630697,0.112866666666667,"CBEK","Cape Colbeck",-77.135,-157.715,"Subarea 88.2","Amundsen Sea","Ross","Ross","","yes","yes","CBEK"
2011,2,13249.4828818482,1846.04955574327,10103.9337597629,10521.3607517104,13085.0861654961,16512.9903038938,17346.3468404412,-2952.83977654709,-10675.9736594266,-9204.1804941553,-2768.32925172692,2687.97700352932,3683.57000510794,0.793633333333333,"WASH","Cape Washington",-74.64,165.37,"Subarea 88.1","Victoria Oates Land","Ross","Ross","","yes","yes","WASH"
2011,3,1129.50547967691,190.814358928112,800.305056136795,844.213265442612,1115.24995065428,1467.61674543836,1547.98161254115,-472.229245244282,-1178.70619806305,-1041.3551914469,-454.157872996125,37.1397870249465,126.586595607445,0.9359,"BEAN","Beaufort Island",-76.94,167.02,"Subarea 88.1","Victoria Oates Land","Ross","Ross","","yes","yes","BEAN"
2011,4,6363.00301220837,924.04474978996,4793.75091021291,5003.24680701123,6278.57611442233,8008.73680628884,8430.36303582246,1629.48904309585,-816.496445895569,-390.405253830612,1629.93902935168,3660.84186520689,4100.63588081148,0.0899333333333333,"FRAN","Franklin Island",-76.18,168.43,"Subarea 88.1","Victoria Oates Land","Ross","Ross","","yes","yes","FRAN"
2011,5,829.774771667804,136.013219203305,592.15820569157,626.000838015182,819.261339343212,1072.08978469527,1127.87325862356,344.092315167134,29.6372556171578,78.4729715042874,340.754126262895,619.783930574996,679.39398251552,0.0165666666666667,"CROZ","Cape Crozier",-77.46,169.32,"Subarea 88.1","Victoria Oates Land","Ross","Ross","","yes","yes","CROZ"
2011,6,21463.1040425741,2258.61281868119,17487.2623507943,18046.0740123911,21306.361658802,25412.0100472167,26310.4763621448,-7367.41880976719,-19755.268781504,-17176.5214868497,-6879.55871653058,754.565526573096,2106.85530296247,0.927966666666667,"COUL","Coulman Island",-73.35,169.61,"Subarea 88.1","Victoria Oates Land","Ross","Ross","","yes","yes","COUL"
2011,7,7156.62100435686,1077.91244125701,5311.74495271246,5566.83566378958,7066.98703270021,9068.41590849606,9555.70439408388,-171.395512600275,-4525.62823534893,-3585.19332134922,-20.2043022328189,2748.03419904978,3281.25696583009,0.504466666666667,"ROGE","Cape Roget",-71.99,170.59,"Subarea 88.1","Victoria Oates Land","Ross","Ross","","yes","yes","ROGE"
2012,1,22764.8161432251,4010.85411785643,15976.7422031715,16869.5030255845,22420.7424524998,29818.7511077393,31682.179662094,7074.25321413446,-4949.08270921708,-2418.67822879422,7266.48211117326,15921.2945503318,17781.5745718058,0.0991666666666667,"CBEK","Cape Colbeck",-77.135,-157.715,"Subarea 88.2","Amundsen Sea","Ross","Ross","","yes","yes","CBEK"
2012,2,14215.5434447275,2435.40063951078,10120.8013614071,10660.4797202035,13976.8063463437,18548.9566687118,19697.7024630321,-1986.77921366778,-10094.3295969162,-8578.35695102891,-1884.42047859749,4304.18689911029,5603.10110727581,0.698233333333333,"WASH","Cape Washington",-74.64,165.37,"Subarea 88.1","Victoria Oates Land","Ross","Ross","","yes","yes","WASH"
2012,3,1093.50223917616,188.788473392807,770.721590115238,815.752564147366,1077.23365176827,1426.26087341618,1507.08535462474,-508.232485745036,-1209.17942060985,-1075.15346749855,-490.658563979834,0.990608411384302,98.6393068734559,0.949566666666667,"BEAN","Beaufort Island",-76.94,167.02,"Subarea 88.1","Victoria Oates Land","Ross","Ross","","yes","yes","BEAN"
2012,4,6363.3191945702,1046.66150086674,4608.500212608,4831.26190897161,6270.65135701201,8233.8566813813,8723.66489691365,1629.80522545768,-1027.33040230359,-569.756430926711,1614.28083794595,3880.03967061497,4406.30074758189,0.107733333333333,"FRAN","Franklin Island",-76.18,168.43,"Subarea 88.1","Victoria Oates Land","Ross","Ross","","yes","yes","FRAN"
2012,5,906.715517940136,152.461904695605,648.933382103052,682.825286758977,893.291607556682,1178.15663165482,1245.04385629294,421.033061439467,86.1856052436006,138.901617561864,412.868625585935,730.701309964499,796.198258919671,0.00803333333333333,"CROZ","Cape Crozier",-77.46,169.32,"Subarea 88.1","Victoria Oates Land","Ross","Ross","","yes","yes","CROZ"
2012,6,24366.2316953317,3668.86299201689,18081.1540414019,18924.1303908876,24067.8560511052,30917.7700678233,32438.7408463177,-4464.29115700956,-17655.8451578377,-15201.7458594364,-4208.4895940729,5406.80234728227,7243.80038799516,0.762366666666667,"COUL","Coulman Island",-73.35,169.61,"Subarea 88.1","Victoria Oates Land","Ross","Ross","","yes","yes","COUL"
2012,7,7002.62934638753,1092.43273278801,5155.95821072419,5407.61716982713,6903.35537168209,8950.15879595754,9400.31234862764,-325.387170569599,-4675.1968506516,-3736.25084318858,-184.494829336825,2638.1377157901,3164.5777338106,0.542133333333333,"ROGE","Cape Roget",-71.99,170.59,"Subarea 88.1","Victoria Oates Land","Ross","Ross","","yes","yes","ROGE"
2013,1,23149.0454615474,4263.62776433989,16071.6660017938,16998.8914360211,22708.5146491953,30832.7788987092,32679.6180915211,7458.48253245683,-4936.26132122234,-2513.7327536242,7605.91704882597,16858.468733091,18981.4595530927,0.0961,"CBEK","Cape Colbeck",-77.135,-157.715,"Subarea 88.2","Amundsen Sea","Ross","Ross","","yes","yes","CBEK"
2013,2,13636.7505504285,3058.05476346378,8801.42042024757,9560.47964205148,13391.6049652784,18746.9918453035,20130.335601648,-2565.57210796683,-11605.0273267514,-9687.71430756899,-2456.456269406,4364.50456221308,5779.46195019607,0.734566666666667,"WASH","Cape Washington",-74.64,165.37,"Subarea 88.1","Victoria Oates Land","Ross","Ross","","yes","yes","WASH"
2013,3,1165.78374432184,205.129166200195,830.904856925752,872.622421000258,1143.18527910833,1537.66324349264,1633.35071684419,-435.950980599357,-1151.4915227777,-1018.76998616127,-422.696718441882,102.852151935809,217.504144077202,0.9082,"BEAN","Beaufort Island",-76.94,167.02,"Subarea 88.1","Victoria Oates Land","Ross","Ross","","yes","yes","BEAN"
2013,4,5948.86901809712,1045.75496118525,4228.16486333365,4444.87900728841,5836.66498886618,7832.01076568799,8317.64922812104,1215.3550489846,-1381.82422729566,-939.243602002384,1182.44328336225,3507.68996906874,4028.12659422326,0.176966666666667,"FRAN","Franklin Island",-76.18,168.43,"Subarea 88.1","Victoria Oates Land","Ross","Ross","","yes","yes","FRAN"
2013,5,896.660527531556,174.14244124046,605.403307268364,643.210210932934,880.360468001371,1207.07231244403,1287.78598059925,410.978071030887,50.0451664721144,107.369289056152,400.540844776275,747.409989000161,836.731481628095,0.0132666666666667,"CROZ","Cape Crozier",-77.46,169.32,"Subarea 88.1","Victoria Oates Land","Ross","Ross","","yes","yes","CROZ"
2013,6,26338.1713753559,4258.32017258845,19247.4600606328,20182.2920332271,25909.3558259481,33920.1210319885,35901.0901302778,-2492.35147698542,-16234.4623154211,-13633.8005789558,-2314.88897636055,8183.92779556765,10414.5412266053,0.647666666666667,"COUL","Coulman Island",-73.35,169.61,"Subarea 88.1","Victoria Oates Land","Ross","Ross","","yes","yes","COUL"
2013,7,6950.11536106161,1235.39750019933,4912.83277880418,5182.79844951855,6820.27034127458,9153.56475797327,9732.17109164324,-377.901155895525,-4857.33490860214,-3881.47744463979,-251.24228685561,2774.85942905004,3388.50503563455,0.555766666666667,"ROGE","Cape Roget",-71.99,170.59,"Subarea 88.1","Victoria Oates Land","Ross","Ross","","yes","yes","ROGE"
2014,1,24453.7896577837,4744.26569564649,16745.9840641896,17747.3793940376,23863.3390742968,33026.6843918305,35257.4597822024,8763.22672869311,-4230.90902106191,-1619.39270531083,8815.18115024843,19110.0244982804,21506.6831497287,0.0777666666666667,"CBEK","Cape Colbeck",-77.135,-157.715,"Subarea 88.2","Amundsen Sea","Ross","Ross","","yes","yes","CBEK"
2014,2,13180.503123174,2702.13439008948,8808.95597557893,9384.5200028626,12866.5541516156,18057.4350656214,19409.3761065561,-3021.81953522128,-11451.5395861961,-9829.52207802877,-2955.18356788928,3563.14745280387,4955.38559237032,0.776533333333333,"WASH","Cape Washington",-74.64,165.37,"Subarea 88.1","Victoria Oates Land","Ross","Ross","","yes","yes","WASH"
2014,3,1166.36794526735,216.517294396024,819.796825976405,864.124662071097,1139.52911720665,1560.20864176195,1663.95069245274,-435.366779653845,-1172.79139652258,-1034.12294476741,-425.199206533148,128.742650686695,246.382761596417,0.900366666666667,"BEAN","Beaufort Island",-76.94,167.02,"Subarea 88.1","Victoria Oates Land","Ross","Ross","","yes","yes","BEAN"
2014,4,4987.49918863087,1005.41465944898,3327.32182708227,3529.16264084199,4886.73527888489,6783.59983613359,7279.86834789215,253.985219518347,-2260.60990756173,-1810.51187681002,221.15287232111,2426.79443093188,2929.73716037576,0.426833333333333,"FRAN","Franklin Island",-76.18,168.43,"Subarea 88.1","Victoria Oates Land","Ross","Ross","","yes","yes","FRAN"
2014,5,924.480252341829,178.760415657748,630.396700370384,665.61321888293,905.925502865446,1245.2771223813,1320.8856780843,438.797795841159,73.774395791112,128.61203689545,427.310717027127,785.911098844695,863.908274899411,0.00956666666666667,"CROZ","Cape Crozier",-77.46,169.32,"Subarea 88.1","Victoria Oates Land","Ross","Ross","","yes","yes","CROZ"
2014,6,28916.583433358,4545.50530435118,21411.2197153389,22333.399527517,28467.8800971789,37002.1577279578,39069.2896635981,86.0605810167182,-13906.7734918715,-11247.3963954801,169.34184709834,11168.5399079982,13487.9256662978,0.490666666666667,"COUL","Coulman Island",-73.35,169.61,"Subarea 88.1","Victoria Oates Land","Ross","Ross","","yes","yes","COUL"
2014,7,6682.76821282721,1250.4879266934,4686.00399291625,4925.44442806291,6534.15545113675,8929.70038094254,9557.57608710757,-645.248304129918,-5154.04295740897,-4189.8242810733,-520.605555086444,2508.60346898844,3158.9959474008,0.611966666666667,"ROGE","Cape Roget",-71.99,170.59,"Subarea 88.1","Victoria Oates Land","Ross","Ross","","yes","yes","ROGE"
2015,1,25538.157556764,6175.91756501475,15446.052932909,16676.5396015392,24883.8639960185,36550.8604842548,39441.8793790107,9847.59462767335,-4485.66106367839,-1867.49128318016,9662.21168394483,22225.278223048,25421.7266809564,0.081,"CBEK","Cape Colbeck",-77.135,-157.715,"Subarea 88.2","Amundsen Sea","Ross","Ross","","yes","yes","CBEK"
2015,2,12978.2311336804,2482.2214321885,9022.07483429247,9493.69219265745,12681.1033046936,17408.3774043585,18649.4227012488,-3224.09152471489,-11310.6027553732,-9840.24322696973,-3136.34095191098,3041.86188761997,4330.00892711557,0.805366666666667,"WASH","Cape Washington",-74.64,165.37,"Subarea 88.1","Victoria Oates Land","Ross","Ross","","yes","yes","WASH"
2015,3,1067.21714513054,218.341246793691,721.31870337102,764.896781567775,1040.09525440599,1464.797910515,1570.69960169791,-534.517579790656,-1275.52654747024,-1134.86756864838,-524.893847205436,34.0549958924809,150.772110769714,0.939666666666667,"BEAN","Beaufort Island",-76.94,167.02,"Subarea 88.1","Victoria Oates Land","Ross","Ross","","yes","yes","BEAN"
2015,4,4524.43300788717,1020.68793031177,2816.04588298736,3039.78039475709,4427.51215293653,6365.42701852523,6843.83427787644,-209.080961225351,-2730.94645624743,-2298.09674096032,-234.509018395634,1979.1771922725,2473.07703440085,0.575966666666667,"FRAN","Franklin Island",-76.18,168.43,"Subarea 88.1","Victoria Oates Land","Ross","Ross","","yes","yes","FRAN"
2015,5,1005.36967938599,193.223574932871,681.751435734601,725.697128631508,985.819236274328,1352.61479106358,1438.26538061935,519.687222885318,133.04675652658,190.590346612658,507.587481570153,890.743569157545,979.950911860812,0.00473333333333333,"CROZ","Cape Crozier",-77.46,169.32,"Subarea 88.1","Victoria Oates Land","Ross","Ross","","yes","yes","CROZ"
2015,6,23925.5413402693,4587.175815219,16295.208546494,17310.9334063747,23446.5920692268,32183.7873640602,34178.1637012717,-4904.98151207198,-19242.8622082349,-16525.1119879188,-4756.42618230959,6246.16669961556,8576.71787611892,0.767133333333333,"COUL","Coulman Island",-73.35,169.61,"Subarea 88.1","Victoria Oates Land","Ross","Ross","","yes","yes","COUL"
2015,7,6322.96912233046,1221.14961299197,4358.15236811505,4604.34953867023,6174.30010251876,8541.17315628649,9160.57986775376,-1005.04739462667,-5524.89571212266,-4588.50270925372,-869.849478984801,2132.36018244647,2781.61791507937,0.6834,"ROGE","Cape Roget",-71.99,170.59,"Subarea 88.1","Victoria Oates Land","Ross","Ross","","yes","yes","ROGE"
2016,1,27709.3003474747,7601.31335405734,15583.4661341843,17320.008138708,26996.0248614902,41115.8141147832,44586.9475684527,12018.737418384,-4583.99808700144,-1159.28456284061,11680.9285022697,26617.2229029254,30326.0266851853,0.0648,"CBEK","Cape Colbeck",-77.135,-157.715,"Subarea 88.2","Amundsen Sea","Ross","Ross","","yes","yes","CBEK"
2016,2,13318.2021794016,2536.30168754574,9243.5045131476,9757.08944182418,13027.7736371403,17910.5227011625,19136.1261275457,-2884.12047899372,-11141.5137498381,-9522.04382330613,-2806.13739961175,3488.3932559777,4820.3223937426,0.772666666666667,"WASH","Cape Washington",-74.64,165.37,"Subarea 88.1","Victoria Oates Land","Ross","Ross","","yes","yes","WASH"
2016,3,1030.30781338905,191.690473117354,723.839817900214,762.983295501658,1005.80265131739,1375.30188959972,1464.08271567865,-571.426911532139,-1294.16097322031,-1151.75999149848,-556.779015359698,-36.5650796067857,73.1955502123683,0.960466666666667,"BEAN","Beaufort Island",-76.94,167.02,"Subarea 88.1","Victoria Oates Land","Ross","Ross","","yes","yes","BEAN"
2016,4,4353.51633694618,937.624840797122,2823.87501435481,3017.13577022216,4251.16886533741,6022.06322747532,6464.20282491901,-379.997632166338,-2829.58169307475,-2385.86267689058,-394.333187112094,1681.86253473632,2152.49896392819,0.630833333333333,"FRAN","Franklin Island",-76.18,168.43,"Subarea 88.1","Victoria Oates Land","Ross","Ross","","yes","yes","FRAN"
2016,5,1109.55825338547,224.491612791216,730.422252539763,781.011739500711,1087.76195337538,1511.51628503054,1612.6061621293,623.875796884805,191.112232782978,253.521343002125,606.300078977974,1053.62751317399,1153.71998756501,0.0019,"CROZ","Cape Crozier",-77.46,169.32,"Subarea 88.1","Victoria Oates Land","Ross","Ross","","yes","yes","CROZ"
2016,6,20837.5418996629,3869.72784584407,14489.1884021911,15312.5323835818,20390.3940740117,27759.6200631834,29712.2443405704,-7992.98095267835,-21580.9309241517,-19026.6166922058,-7725.08240901229,2232.00370057895,4140.86378507867,0.902733333333333,"COUL","Coulman Island",-73.35,169.61,"Subarea 88.1","Victoria Oates Land","Ross","Ross","","yes","yes","COUL"
2016,7,5696.33787555396,1197.14550589369,3715.33460886973,3962.22919432077,5563.16603501144,7835.0622992556,8396.80636237383,-1631.67864140317,-6128.89058912267,-5241.3674188905,-1501.90912479008,1495.72154509566,2115.63872726525,0.7952,"ROGE","Cape Roget",-71.99,170.59,"Subarea 88.1","Victoria Oates Land","Ross","Ross","","yes","yes","ROGE"
2017,1,30393.3027420881,7899.16357833605,17611.8053710451,19220.0498134555,29450.5627065664,44597.5972586668,48494.0679702941,14702.7398129975,-1353.0976187223,1212.03314155019,14127.0074117282,30060.7055383338,34131.305549543,0.0358666666666667,"CBEK","Cape Colbeck",-77.135,-157.715,"Subarea 88.2","Amundsen Sea","Ross","Ross","","yes","yes","CBEK"
2017,2,12895.2190117879,2785.84021912154,8541.02044255541,9163.98020571878,12681.5329977034,17619.8780636448,18835.5021063266,-3307.1036466074,-11913.1892736464,-10191.4868519507,-3219.73535782701,3156.38443272655,4526.90178550517,0.7979,"WASH","Cape Washington",-74.64,165.37,"Subarea 88.1","Victoria Oates Land","Ross","Ross","","yes","yes","WASH"
2017,3,818.395338403584,184.186516556216,533.459965790263,574.322277540539,804.132169281021,1130.69727773959,1207.34992790649,-783.339386517608,-1525.62497246267,-1372.25711144019,-762.108775379415,-270.641220929109,-171.987527725377,0.9936,"BEAN","Beaufort Island",-76.94,167.02,"Subarea 88.1","Victoria Oates Land","Ross","Ross","","yes","yes","BEAN"
2017,4,4204.90223798818,898.724752478581,2725.90023517617,2908.49216840699,4111.62769237482,5820.37805840398,6244.97797620542,-528.611731124342,-2933.64449969309,-2520.6974426786,-539.328983831798,1496.91300205749,1941.03886791242,0.6796,"FRAN","Franklin Island",-76.18,168.43,"Subarea 88.1","Victoria Oates Land","Ross","Ross","","yes","yes","FRAN"
2017,5,1288.0879080157,223.981097979151,909.800436558593,959.371710302728,1267.55868982938,1690.77899729999,1786.78731436078,802.405451515031,362.576039384728,433.357181998085,785.045186948933,1232.06092392572,1332.46320323057,0.000166666666666667,"CROZ","Cape Crozier",-77.46,169.32,"Subarea 88.1","Victoria Oates Land","Ross","Ross","","yes","yes","CROZ"
2017,6,18774.3849462124,3608.72646894715,12732.0552669485,13562.4746090437,18414.9939624,25232.2305135638,26928.1274498958,-10056.1379061289,-23262.2956530376,-20873.4972200607,-9739.68716073661,-196.12377083956,1709.14783870721,0.9535,"COUL","Coulman Island",-73.35,169.61,"Subarea 88.1","Victoria Oates Land","Ross","Ross","","yes","yes","COUL"
2017,7,5436.73007692897,1059.6617934172,3688.015209273,3905.33357520152,5327.46481098728,7341.99430878273,7826.70448578181,-1891.28644002816,-6309.78836919237,-5369.79696436211,-1735.91509465379,1070.24684282503,1616.04793685621,0.8434,"ROGE","Cape Roget",-71.99,170.59,"Subarea 88.1","Victoria Oates Land","Ross","Ross","","yes","yes","ROGE"
2018,1,34950.9371658518,8782.40784964106,21102.2068984719,23112.5089963992,34133.1679219388,50069.8448129712,53910.8835136363,19260.3742367612,1775.34420913699,4929.01961432135,18811.2291691226,35559.7832844618,39767.4672149622,0.0179333333333333,"CBEK","Cape Colbeck",-77.135,-157.715,"Subarea 88.2","Amundsen Sea","Ross","Ross","","yes","yes","CBEK"
2018,2,12566.3878195042,2049.29481806405,9126.33407101556,9559.08637454434,12374.4972284416,16226.5610588328,17163.0769270788,-3635.93483889116,-11411.4986413398,-9958.58241188693,-3485.06292842184,2178.97759511955,3253.63216781114,0.844366666666667,"WASH","Cape Washington",-74.64,165.37,"Subarea 88.1","Victoria Oates Land","Ross","Ross","","yes","yes","WASH"
2018,3,657.700543211586,128.240770689225,445.694258029685,472.569659920761,644.730350076444,888.154690990967,946.443716759643,-944.034181709607,-1640.72251213086,-1497.43001890413,-919.714196314756,-475.301104306117,-396.420102442347,0.999766666666667,"BEAN","Beaufort Island",-76.94,167.02,"Subarea 88.1","Victoria Oates Land","Ross","Ross","","yes","yes","BEAN"
2018,4,4250.05833941876,822.364174539783,2869.74844693998,3049.88411208289,4178.17693920814,5706.18642922734,6059.67881186283,-483.45562969376,-2854.03082425241,-2434.76873797543,-470.73101101131,1406.03974199018,1799.99115878432,0.6644,"FRAN","Franklin Island",-76.18,168.43,"Subarea 88.1","Victoria Oates Land","Ross","Ross","","yes","yes","FRAN"
2018,5,1553.23105866868,203.669395111331,1181.84805767798,1233.41963106351,1543.95545319432,1902.51902259968,1977.22965782034,1067.54860216801,625.549818072136,700.061485262765,1062.63858909158,1453.72365272313,1532.41574326704,0,"CROZ","Cape Crozier",-77.46,169.32,"Subarea 88.1","Victoria Oates Land","Ross","Ross","","yes","yes","CROZ"
2018,6,18917.3279275768,3001.92530002462,13844.9837622091,14525.3773412888,18617.5363556058,24308.4940169994,25652.781147136,-9913.19492476447,-22761.2284315228,-20286.4955761678,-9544.26575448812,-787.510013772273,861.048206049866,0.9631,"COUL","Coulman Island",-73.35,169.61,"Subarea 88.1","Victoria Oates Land","Ross","Ross","","yes","yes","COUL"
2018,7,5274.69132175043,867.527367323885,3810.14082324583,3992.69219972871,5192.71538638154,6821.61026047398,7195.56709791782,-2053.32519520671,-6367.24006010918,-5443.68239932221,-1868.75526243573,694.844604234275,1163.09468806957,0.877233333333333,"ROGE","Cape Roget",-71.99,170.59,"Subarea 88.1","Victoria Oates Land","Ross","Ross","","yes","yes","ROGE"
2019,1,40646.3637681923,7817.85735423714,27864.5205411854,29454.8908521131,39780.6603174456,54730.9039178583,58316.6198708024,24955.8008391017,8660.02419350627,11254.7754898178,24441.1155358743,40335.0493594314,44053.2251598071,0.00233333333333333,"CBEK","Cape Colbeck",-77.135,-157.715,"Subarea 88.2","Amundsen Sea","Ross","Ross","","yes","yes","CBEK"
2019,2,12506.9440873976,2220.95487665361,8865.77516978981,9342.85345941015,12249.842309646,16481.2153806348,17532.3484554803,-3695.37857099774,-11582.8544613566,-10061.8408414262,-3572.51768991916,2237.54620358148,3420.52539810437,0.844133333333333,"WASH","Cape Washington",-74.64,165.37,"Subarea 88.1","Victoria Oates Land","Ross","Ross","","yes","yes","WASH"
2019,3,572.694695255757,122.348468799674,376.749894375536,400.863918692489,558.282510553372,794.166619409855,852.494956934565,-1029.04002966544,-1719.16006823685,-1583.98683346543,-1004.10316189068,-557.057489760157,-477.495788454218,0.9999,"BEAN","Beaufort Island",-76.94,167.02,"Subarea 88.1","Victoria Oates Land","Ross","Ross","","yes","yes","BEAN"
2019,4,4251.76454183877,890.968401968336,2780.48173125014,2966.60564128176,4157.55622799422,5863.95649321426,6269.16081406078,-481.749427273752,-2931.62654357738,-2479.19901838798,-484.785533202889,1537.94318088274,1977.66329089781,0.663,"FRAN","Franklin Island",-76.18,168.43,"Subarea 88.1","Victoria Oates Land","Ross","Ross","","yes","yes","FRAN"
2019,5,1471.84600200888,242.686357194823,1059.97721269059,1113.28468843819,1450.30476167489,1903.29025229443,2005.86536791819,986.163545508212,520.109007627174,587.39019443835,969.683782471743,1443.4118386126,1546.6545693842,3.33333333333333e-05,"CROZ","Cape Crozier",-77.46,169.32,"Subarea 88.1","Victoria Oates Land","Ross","Ross","","yes","yes","CROZ"
2019,6,16660.5918629033,2946.49459243502,11742.1903256711,12414.1587431642,16375.6987490237,21883.1022174196,23217.8378776212,-12169.930989438,-24961.7770974504,-22510.4814312809,-11765.8196058076,-3067.79022097559,-1342.9791708591,0.9869,"COUL","Coulman Island",-73.35,169.61,"Subarea 88.1","Victoria Oates Land","Ross","Ross","","yes","yes","COUL"
2019,7,4994.73279020822,858.08722584203,3577.88688547436,3752.92825015575,4908.03676742661,6516.82045354011,6927.8569163084,-2333.28372674891,-6678.82416530093,-5734.1792308386,-2146.84905586694,436.180464012573,923.154549600793,0.912366666666667,"ROGE","Cape Roget",-71.99,170.59,"Subarea 88.1","Victoria Oates Land","Ross","Ross","","yes","yes","ROGE"
2020,1,41886.7036409246,7749.95309986144,28882.8878154461,30657.7518751516,41110.3055135422,55776.9951554004,59177.9395933293,26196.140711834,9838.60499855146,12507.2147701046,25769.2777937183,41382.0608428527,44808.7420555194,0.0016,"CBEK","Cape Colbeck",-77.135,-157.715,"Subarea 88.2","Amundsen Sea","Ross","Ross","","yes","yes","CBEK"
2020,2,10624.2391488388,2275.54454467282,6907.59108589194,7409.22922980827,10363.1279530976,14723.7989869628,15849.213329803,-5578.08350955652,-13553.292016146,-12051.6209261051,-5436.95117819035,435.826992697537,1645.09153392596,0.9365,"WASH","Cape Washington",-74.64,165.37,"Subarea 88.1","Victoria Oates Land","Ross","Ross","","yes","yes","WASH"
2020,3,472.501488508649,123.512846633909,282.823589665354,304.521094287326,454.78788733267,697.209874226944,759.691803954104,-1129.23323641254,-1823.87559016927,-1684.09612507041,-1105.02399213561,-654.925286425896,-570.98415400974,0.999933333333333,"BEAN","Beaufort Island",-76.94,167.02,"Subarea 88.1","Victoria Oates Land","Ross","Ross","","yes","yes","BEAN"
2020,4,4441.48306117408,845.10700939493,3065.16953888387,3241.77870358132,4344.81780473296,5974.53802172123,6380.57587261261,-292.030907938441,-2733.99506577129,-2293.14376428676,-286.641687851787,1685.94434470887,2109.88953055013,0.6032,"FRAN","Franklin Island",-76.18,168.43,"Subarea 88.1","Victoria Oates Land","Ross","Ross","","yes","yes","FRAN"
2020,5,1496.68952989995,236.752698947344,1100.26025321658,1151.46332344838,1474.12140070949,1920.38891041926,2028.84488741983,1011.00707339928,556.088832014113,621.987036467178,993.322887400593,1459.02025822806,1567.8672067485,0,"CROZ","Cape Crozier",-77.46,169.32,"Subarea 88.1","Victoria Oates Land","Ross","Ross","","yes","yes","CROZ"
2020,6,15295.218672253,2743.06252120652,10743.1940658211,11336.8548852093,15021.3943520098,20228.0585719552,21463.822537562,-13535.3041800882,-26361.0535434687,-23817.8649503805,-13103.0232462544,-4671.25880394541,-3108.13592246144,0.994566666666667,"COUL","Coulman Island",-73.35,169.61,"Subarea 88.1","Victoria Oates Land","Ross","Ross","","yes","yes","COUL"
2020,7,4879.20711077285,836.128843514648,3478.15280275514,3665.3322935453,4792.1318155943,6374.5987362805,6760.22150897477,-2448.80940618428,-6775.6237311869,-5824.30318451541,-2260.8585574247,326.674561564375,796.110796770012,0.923933333333333,"ROGE","Cape Roget",-71.99,170.59,"Subarea 88.1","Victoria Oates Land","Ross","Ross","","yes","yes","ROGE"
2021,1,39721.899433158,7015.30556730561,27920.9624694937,29528.1266439108,39039.5513239131,52043.1896555224,55425.5626341554,24031.3365040674,8437.07464901049,11114.4339640699,23757.5022089663,38029.3806013511,41289.9234528411,0.00256666666666667,"CBEK","Cape Colbeck",-77.135,-157.715,"Subarea 88.2","Amundsen Sea","Ross","Ross","","yes","yes","CBEK"
2021,2,9610.41896114462,2088.12594167119,6237.07885486512,6658.60080145686,9362.35089873683,13404.9978365818,14415.4455040102,-6591.90369725069,-14528.0354791193,-12920.9852381452,-6440.75679883317,-748.314137520071,396.023886653558,0.9684,"WASH","Cape Washington",-74.64,165.37,"Subarea 88.1","Victoria Oates Land","Ross","Ross","","yes","yes","WASH"
2021,3,400.880193253446,129.146139225981,210.178130798479,233.981537997217,383.502204687819,633.049172749543,700.693011359136,-1200.85453166775,-1904.24607967527,-1769.44672354851,-1176.46914739643,-720.824969742006,-633.147775422083,1,"BEAN","Beaufort Island",-76.94,167.02,"Subarea 88.1","Victoria Oates Land","Ross","Ross","","yes","yes","BEAN"
2021,4,3820.99859130508,744.074129608703,2613.38885651507,2771.84286470692,3732.44743399598,5164.79477791727,5508.61885705056,-912.515377807436,-3234.41496170006,-2799.53168308918,-891.09039524579,884.381805387165,1283.02657198718,0.801466666666667,"FRAN","Franklin Island",-76.18,168.43,"Subarea 88.1","Victoria Oates Land","Ross","Ross","","yes","yes","FRAN"
2021,5,1316.86000885324,243.768329273081,905.617791915007,957.89541507007,1293.65149836247,1753.7854969173,1858.55244402318,831.177552352569,367.205725013523,434.680047989735,813.933552816258,1286.62349634454,1394.71549297356,1e-04,"CROZ","Cape Crozier",-77.46,169.32,"Subarea 88.1","Victoria Oates Land","Ross","Ross","","yes","yes","CROZ"
2021,6,14776.3478459003,2529.57951527935,10549.9290612638,11113.0955350394,14523.5187160645,19294.7860653863,20480.3683878777,-14054.175006441,-26479.4708541849,-24176.8086620341,-13598.3131877645,-5449.14743544986,-3884.43887237283,0.996766666666667,"COUL","Coulman Island",-73.35,169.61,"Subarea 88.1","Victoria Oates Land","Ross","Ross","","yes","yes","COUL"
2021,7,4842.43941500087,803.067432183567,3500.2108008661,3673.9886039831,4763.26421280488,6280.86388187694,6635.01008643656,-2485.57710195626,-6775.23341389302,-5865.46511084578,-2297.50231876072,273.025734309928,747.902392500108,0.928733333333333,"ROGE","Cape Roget",-71.99,170.59,"Subarea 88.1","Victoria Oates Land","Ross","Ross","","yes","yes","ROGE"
2022,1,30718.2146548583,6503.99958243646,20101.0430080193,21481.3804610158,29972.5539503794,42408.5668809221,45611.0502794425,15027.6517257676,-5.20080266447274,2752.65248732129,14782.3011207408,28332.078654867,31508.3163583951,0.0251333333333333,"CBEK","Cape Colbeck",-77.135,-157.715,"Subarea 88.2","Amundsen Sea","Ross","Ross","","yes","yes","CBEK"
2022,2,9143.98897752639,1864.55340675343,6172.23166768346,6528.38148723859,8922.54531985925,12523.3899647742,13430.8684011455,-7058.33368086892,-14717.8357669389,-13328.0265256107,-6859.62760322472,-1480.18482391288,-394.081696709429,0.9811,"WASH","Cape Washington",-74.64,165.37,"Subarea 88.1","Victoria Oates Land","Ross","Ross","","yes","yes","WASH"
2022,3,344.917111738117,120.974542955707,175.14162959935,192.634258831413,323.220169653766,570.369048801641,637.92949377473,-1256.81761318308,-1959.24718125859,-1819.77986869139,-1231.35099144102,-778.451428162482,-694.567821754249,0.999933333333333,"BEAN","Beaufort Island",-76.94,167.02,"Subarea 88.1","Victoria Oates Land","Ross","Ross","","yes","yes","BEAN"
2022,4,3497.75699245364,710.568236194197,2354.67889873856,2503.66234997724,3411.7031965431,4779.72518607467,5108.99029697172,-1235.75697665888,-3522.08471018336,-3083.62359981968,-1214.3113895579,529.598640912881,904.908756862793,0.877966666666667,"FRAN","Franklin Island",-76.18,168.43,"Subarea 88.1","Victoria Oates Land","Ross","Ross","","yes","yes","FRAN"
2022,5,1263.2177682886,236.749246066852,868.065207518096,917.456408379497,1241.18717244261,1680.80800471581,1787.53233460994,777.535311787926,327.836527572332,392.221892265389,760.992877413726,1219.96612872711,1325.22059192846,0.000433333333333333,"CROZ","Cape Crozier",-77.46,169.32,"Subarea 88.1","Victoria Oates Land","Ross","Ross","","yes","yes","CROZ"
2022,6,13145.5234640371,2414.45206114427,9168.91522729976,9686.81167873776,12882.8064592172,17513.392718383,18588.8033171302,-15684.9993883042,-28262.2941620154,-25815.6891293437,-15234.3978819141,-7076.35613298436,-5577.7175039717,0.998933333333333,"COUL","Coulman Island",-73.35,169.61,"Subarea 88.1","Victoria Oates Land","Ross","Ross","","yes","yes","COUL"
2022,7,4444.52375546667,822.23177592129,3082.38193116512,3254.00719748791,4362.82018950905,5911.97711172704,6291.20277975258,-2883.49276149047,-7225.65207521075,-6272.6218075758,-2690.71913933657,-124.23750268333,357.988006043891,0.9578,"ROGE","Cape Roget",-71.99,170.59,"Subarea 88.1","Victoria Oates Land","Ross","Ross","","yes","yes","ROGE"
2023,1,26563.9343962081,6084.31989838888,17205.7677760596,18334.6087931364,25694.4122750423,37623.9455132861,40715.3764399901,10873.3714671175,-3603.54989792825,-826.391204333825,10530.9715015555,23568.5681696397,26669.1360429713,0.0604,"CBEK","Cape Colbeck",-77.135,-157.715,"Subarea 88.2","Amundsen Sea","Ross","Ross","","yes","yes","CBEK"
2023,2,8140.16158618482,1742.57699110573,5385.88318701186,5736.8180423175,7918.26432853556,11296.5513141978,12150.7007229213,-8062.16107221049,-15773.9680338504,-14296.0124374119,-7836.32479038736,-2572.19515045826,-1549.74707986037,0.992,"WASH","Cape Washington",-74.64,165.37,"Subarea 88.1","Victoria Oates Land","Ross","Ross","","yes","yes","WASH"
2023,3,310.776284222461,120.710227698858,148.839903395355,164.90273205977,287.151151798156,535.222745949587,608.531067347128,-1290.95844069873,-1990.16660562663,-1857.50387255317,-1265.90311087133,-812.482568269761,-728.12896012064,0.999933333333333,"BEAN","Beaufort Island",-76.94,167.02,"Subarea 88.1","Victoria Oates Land","Ross","Ross","","yes","yes","BEAN"
2023,4,3399.49655394066,688.896145627629,2331.76106040273,2458.3641169226,3309.20054893486,4659.53691233525,5037.34574420455,-1334.01741517186,-3615.04018359451,-3167.77442243666,-1310.37195575872,404.056685406623,787.113491249115,0.899333333333333,"FRAN","Franklin Island",-76.18,168.43,"Subarea 88.1","Victoria Oates Land","Ross","Ross","","yes","yes","FRAN"
2023,5,1272.46291173369,234.338435054645,876.448757444816,928.596973642355,1252.43090004271,1688.33473821133,1787.52396773724,786.780455233018,336.849491109669,402.678639003008,771.393657530818,1229.826676534,1330.83769727334,3e-04,"CROZ","Cape Crozier",-77.46,169.32,"Subarea 88.1","Victoria Oates Land","Ross","Ross","","yes","yes","CROZ"
2023,6,11944.962712926,2451.35208690455,7938.02773418865,8442.13861811567,11662.551486566,16370.0670291239,17532.1810898821,-16885.5601394153,-29467.4061776451,-27079.6951635044,-16439.8263647396,-8194.58733289598,-6701.79125560158,0.9994,"COUL","Coulman Island",-73.35,169.61,"Subarea 88.1","Victoria Oates Land","Ross","Ross","","yes","yes","COUL"
2023,7,4403.93890280278,797.405508907808,3091.25510413016,3264.26492125895,4319.27935081562,5841.35378669133,6217.33054175556,-2924.07761415435,-7236.08955516385,-6297.67306861004,-2727.36055429888,-183.457541060726,268.172073493607,0.961833333333333,"ROGE","Cape Roget",-71.99,170.59,"Subarea 88.1","Victoria Oates Land","Ross","Ross","","yes","yes","ROGE"
2024,1,23821.7391115907,6363.67697283468,14664.1065875721,15644.1977725334,22766.4372689796,35484.6395129991,39193.5243205556,8131.17618250007,-6286.07921684159,-3611.41485847271,7640.30337968952,21464.5470017144,24994.420230953,0.124033333333333,"CBEK","Cape Colbeck",-77.135,-157.715,"Subarea 88.2","Amundsen Sea","Ross","Ross","","yes","yes","CBEK"
2024,2,7458.18926873376,1616.42371075414,5011.37387601543,5300.02184747903,7213.04399250603,10433.216598199,11265.553825072,-8744.13338966155,-16434.2852723278,-14919.5485720822,-8530.9905726213,-3306.47316575421,-2254.90796277352,0.995533333333333,"WASH","Cape Washington",-74.64,165.37,"Subarea 88.1","Victoria Oates Land","Ross","Ross","","yes","yes","WASH"
2024,3,293.273671384098,123.620367909006,135.544967730517,152.567458081426,268.855740942435,518.34366789909,597.885269939126,-1308.4610535371,-2016.29069144049,-1881.27005896308,-1283.54320768671,-824.018862384684,-739.187352571719,0.999866666666667,"BEAN","Beaufort Island",-76.94,167.02,"Subarea 88.1","Victoria Oates Land","Ross","Ross","","yes","yes","BEAN"
2024,4,3172.53151827962,836.951639668819,1905.22905959107,2080.9252761609,3077.40806766813,4637.26679557831,5052.21902155217,-1560.9824508329,-4057.82263778458,-3546.58934922078,-1551.15754674649,376.900317623207,815.301404417594,0.9128,"FRAN","Franklin Island",-76.18,168.43,"Subarea 88.1","Victoria Oates Land","Ross","Ross","","yes","yes","FRAN"
2024,5,1332.22398527275,232.35302783361,933.980992592256,986.193228809962,1313.04752366848,1741.59127562044,1844.74446101832,846.541528772082,391.201982300626,460.663625569008,832.413668195081,1282.55193383557,1390.35885422491,1e-04,"CROZ","Cape Crozier",-77.46,169.32,"Subarea 88.1","Victoria Oates Land","Ross","Ross","","yes","yes","CROZ"
2024,6,12045.8161844612,2349.10578021205,8327.72202067229,8791.61113160703,11741.2842204267,16317.0085783903,17537.9756852269,-16784.7066678801,-29397.5807442868,-26922.3806273121,-16349.3712376611,-8180.97545806611,-6605.85345196666,0.999366666666667,"COUL","Coulman Island",-73.35,169.61,"Subarea 88.1","Victoria Oates Land","Ross","Ross","","yes","yes","COUL"
2024,7,4382.1129978389,814.917755649226,3070.80149484701,3236.29058457361,4281.15319922956,5856.36475939757,6267.16519905551,-2945.90351911823,-7288.02921133882,-6347.96085833497,-2750.83269887816,-176.418783089003,306.872480645501,0.9608,"ROGE","Cape Roget",-71.99,170.59,"Subarea 88.1","Victoria Oates Land","Ross","Ross","","yes","yes","ROGE"
2025,1,23555.3115105723,6806.7941434097,14392.795130796,15355.6457149273,22272.4153736854,36133.021942653,40160.8306484952,7864.74858148166,-6941.65118299891,-4179.2910284388,7231.03875088423,22019.3624453915,26251.1388545204,0.1386,"CBEK","Cape Colbeck",-77.135,-157.715,"Subarea 88.2","Amundsen Sea","Ross","Ross","","yes","yes","CBEK"
2025,2,6820.5408319498,1814.44125724322,4180.94933026215,4472.66453375343,6514.15580133171,10138.3171285185,11207.877196895,-9381.78182644551,-17256.7909107451,-15755.3402662534,-9200.63194798107,-3711.62535629504,-2512.81187159586,0.9956,"WASH","Cape Washington",-74.64,165.37,"Subarea 88.1","Victoria Oates Land","Ross","Ross","","yes","yes","WASH"
2025,3,280.263513295655,121.102827718343,137.202319053755,149.878079985711,252.183089232085,504.419461708171,587.190637875904,-1321.47121162554,-2025.36777855922,-1891.45904452947,-1297.67575768016,-840.075670022151,-749.90147888095,0.999766666666667,"BEAN","Beaufort Island",-76.94,167.02,"Subarea 88.1","Victoria Oates Land","Ross","Ross","","yes","yes","BEAN"
2025,4,2980.56859264701,844.877851137354,1778.5211398141,1902.79209535694,2839.21854437561,4525.61681132838,4987.85063229461,-1752.94537646551,-4118.49049480367,-3697.73766193376,-1771.85431237541,232.338204685763,696.124670822173,0.9311,"FRAN","Franklin Island",-76.18,168.43,"Subarea 88.1","Victoria Oates Land","Ross","Ross","","yes","yes","FRAN"
2025,5,1410.8208760067,227.462934091671,1027.02550886293,1079.55202404827,1388.74842482431,1818.3285846359,1912.27313735853,925.138419506025,482.456629358341,547.422050908844,908.874814671301,1359.99518989987,1460.04236707975,0,"CROZ","Cape Crozier",-77.46,169.32,"Subarea 88.1","Victoria Oates Land","Ross","Ross","","yes","yes","CROZ"
2025,6,12102.980717259,2569.64021033074,8146.64566702881,8600.59523213013,11753.191019816,16827.1938702347,18133.1681816751,-16727.5421350823,-29450.3315747801,-26937.6900694227,-16298.7346145519,-7753.2561051264,-6115.50216601202,0.9989,"COUL","Coulman Island",-73.35,169.61,"Subarea 88.1","Victoria Oates Land","Ross","Ross","","yes","yes","COUL"
2025,7,3993.48033232171,957.224863758618,2531.95461106243,2700.38933856773,3864.11375793257,5734.93164022741,6252.37282993671,-3334.53618463542,-7784.90257191331,-6863.03597048548,-3166.57716955828,-394.280751047471,164.206419688816,0.9691,"ROGE","Cape Roget",-71.99,170.59,"Subarea 88.1","Victoria Oates Land","Ross","Ross","","yes","yes","ROGE"
