colony,image_id,area_m2,phenology_est,lat,lon,datetime,date,time,b_pres,date_time,year,month,day,doy,date_utc,time_utc,ts,met_ff10,temp_airK,d2m,met_humc,rh_water,rh_ice,met_rad,rho_pred,count_pred,rho_upper,rho_lower,count_lower,count_upper,coeff_lower,coeff_upper,coeff_sd_pm,Ta_C,colony_name
Atka Bay,2024-03-22-20-13-47_UMBRA-06_GEC.tif,0.0,,-70.61977631,-8.155336736,22/03/2024 20:13,22/03/2024,20:13:47,no,22/03/2024 20:13,2024,3,22,82,22/03/2024,20:13:47 UTC,22/03/2024 20:13,13.283977508544922,264.8983154296875,260.8008117675781,78.16113838063893,72.18717383423129,78.16113838063893,,,,,,,,,,,,Atka
Atka Bay,2024-04-12-20-38-35_UMBRA-06_GEC.tif,1560.178706,females present,-70.61977631,-8.155336736,12/04/2024 20:38,12/04/2024,20:38:35,yes,12/04/2024 20:38,2024,4,12,103,12/04/2024,20:38:35 UTC,12/04/2024 20:38,17.404308319091797,264.73956298828125,261.4038086,83.21419505017066,76.73640819261006,83.21419505017066,0.0,8.530190680748946,13308.621858224149,9.245356327492207,7.750731001579612,12092.525464598562,14424.408071535703,12092.525464598562,14424.408071535703,1165.9413034685704,-96.22463396135242,Atka
Atka Bay,2024-04-24-00-04-46_UMBRA-04_GEC.tif,2551.88945,females present,-70.62214736,-8.159168671,24/04/2024 0:04,24/04/2024,0:04:46,yes,24/04/2024 0:04,2024,4,24,115,24/04/2024,00:04:46 UTC,24/04/2024 0:04,12.964659690856934,258.6616211,254.13722229003903,78.53781789975953,68.30221361858707,78.53781789975953,0.0,7.789951895008185,19879.096056878898,8.512537338347261,7.02884698045889,17936.840455097397,21723.05422645946,17936.840455097397,21723.05422645946,1893.1068856810307,-85.7561174699079,Atka
Atka Bay,2024-04-29-23-56-56_UMBRA-07_GEC.tif,739.8310552500001,females present,-70.61537017,-8.157441711,29/04/2024 23:56,29/04/2024,23:56:56,yes,29/04/2024 23:56,2024,4,29,120,29/04/2024,23:56:56 UTC,29/04/2024 23:56,8.768178939819336,266.07537841796875,264.9051818847656,97.74730312539144,91.30723757592536,97.74730312539144,0.0,6.687444302718466,4947.578975405803,7.3918220951485925,5.9764232484468796,4421.543518519088,5468.6995408740495,4421.543518519088,5468.6995408740495,523.5780111774807,-71.06004054784967,Atka
Atka Bay,2024-05-09-00-18-11_UMBRA-05_GEC.tif,3273.181245,females present,-70.62025855,-8.156833989,9/05/2024 0:18,9/05/2024,0:18:11,yes,9/05/2024 0:18,2024,5,9,130,9/05/2024,00:18:11 UTC,9/05/2024 0:18,4.170286178588867,254.86703491210935,251.20591735839844,86.76300838579212,72.75271671,86.76300838579212,0.0,6.068431117171889,19863.074919301427,6.736329356233452,5.4079844360573786,17701.313229354913,22049.226908966262,17701.313229354913,22049.226908966262,2173.9568398056745,-62.959992683041804,Atka
Atka Bay,2024-05-24-09-59-25_UMBRA-07_GEC.tif,2078.711791,females present,-70.61564506,-8.156670015,24/05/2024 9:59,24/05/2024,9:59:25,yes,24/05/2024 9:59,2024,5,24,145,24/05/2024,09:59:25 UTC,24/05/2024 9:59,4.053506851196289,252.5117034912109,249.26634216308597,91.48831556856344,75.00345221323865,91.48831556856344,0.0,6.346107490350313,13191.728467144616,7.063012695540031,5.630919241803957,11705.058222106667,14681.967770201758,11705.058222106667,14681.967770201758,1488.4547740475455,-66.59494370967187,Atka
Atka Bay,2024-06-07-09-24-36_UMBRA-04_GEC.tif,2250.108272,females present,-70.61450818,-8.154999432,7/06/2024 9:24,7/06/2024,9:24:36,yes,7/06/2024 9:24,2024,6,7,159,7/06/2024,09:24:36 UTC,7/06/2024 9:24,1.8991515636444087,246.2536621,243.4589080810547,99.59825788,76.93563470488746,99.59825788,0.0,6.491413837863321,14606.383973551525,7.272144963260776,5.708412235773184,12844.545591699256,16363.113537016208,12844.545591699256,16363.113537016208,1759.2839726584762,-68.49488031684132,Atka
Atka Bay,2024-06-19-22-51-44_UMBRA-05_GEC.tif,1350.693909,male huddle,-70.61467728,-8.155857616,19/06/2024 22:51,19/06/2024,22:51:44,yes,19/06/2024 22:51,2024,6,19,171,19/06/2024,22:51:44 UTC,19/06/2024 22:51,5.060398101806641,252.02403259277344,249.14259338378903,94.86009495172308,77.40596925950918,94.86009495172308,0.0,6.732680052322981,9093.789937918453,7.489668929767516,5.966717182819123,8059.20855555943,10116.250203863534,8059.20855555943,10116.250203863534,1028.5208241520518,-71.65274632917826,Atka
Atka Bay,2024-06-25-08-46-39_UMBRA-05_GEC.tif,1191.03712,male huddle,-70.61467728,-8.155857616,,25/06/2024,8:46:39,,25/06/2024 8:46,2024,6,25,177,25/06/2024,08:46:39 UTC,25/06/2024 8:46,4.763019085,253.75119018554688,249.44859313964844,82.52790809642975,68.46510085338528,82.52790809642975,0.0,6.191027927885806,7373.744073068678,6.860527781575015,5.526377711992388,6582.120994123603,8171.143250647095,6582.120994123603,8171.143250647095,794.5111282617459,-64.56614977746835,Atka
Atka Bay,2024-07-12-22-45-13_UMBRA-05_GEC.tif,1060.172351,male huddle,-70.60847943,-8.15114804,12/07/2024 22:45,12/07/2024,22:45:13,yes,12/07/2024 22:45,2024,7,12,194,12/07/2024,22:45:13 UTC,12/07/2024 22:45,8.551918029785156,252.1529235839844,249.0274353027344,92.71176904001652,75.74618198723759,92.71176904001652,0.0,7.548704232040663,8002.9275126861985,8.333570021229894,6.727166126886927,7131.955528309278,8835.020521630417,7131.955528309278,8835.020521630417,851.5324966605694,-82.47599340548484,Atka
Atka Bay,2024-08-07-00-53-58_UMBRA-07_GEC.tif,1137.301076,female return,-70.60992838,-8.151732724,7/08/2024 0:53,7/08/2024,0:53:58,yes,7/08/2024 0:53,2024,8,7,220,7/08/2024,00:53:58 UTC,7/08/2024 0:53,7.682131767272949,257.4818115234375,252.6230469,76.83855195318608,66.06995219,76.83855195318608,0.0,6.500607865462682,7393.148320044772,7.160356104477452,5.839043431358953,6640.75037729527,8143.480702165374,6640.75037729527,8143.480702165374,751.3651624350523,-68.61510978963716,Atka
Cape Crozier,2024-03-23-02-39-08_UMBRA-06_GEC.tif,0.0,,-77.45274249,169.2750659333333,23/03/2024 2:39,23/03/2024,2:39:08,no,23/03/2024 2:39,2024,3,23,83,23/03/2024,02:39:08 UTC,23/03/2024 2:39,2.469693660736084,255.18153381347656,249.36331176757807,71.45774546191936,60.10001669,71.45774546191936,,,,,,,,,,,,Crozier
Cape Crozier,2024-04-04-13-25-53_UMBRA-05_GEC.tif,0.0,,-77.45274249,169.2750659333333,4/04/2024 13:25,4/04/2024,13:25:53,no,4/04/2024 13:25,2024,4,4,95,4/04/2024,13:25:53 UTC,4/04/2024 13:25,5.689780235290527,252.45138549804688,250.23843383789065,100.3963053249666,82.25888886345317,100.3963053249666,0.0,7.009779003104226,0.0,7.797766433633387,6.2032617114065465,0.0,0.0,0.0,0.0,0.0,-75.29476468063694,Crozier
Cape Crozier,2024-04-06-22-22-05_UMBRA-07_GEC.tif,0.0,,-77.45274249,169.2750659333333,6/04/2024 22:22,6/04/2024,22:22:05,no,6/04/2024 22:22,2024,4,6,97,6/04/2024,22:22:05 UTC,6/04/2024 22:22,11.37965488433838,248.88491821289065,244.0368804931641,80.6767621,63.89218850979004,80.6767621,20.551111111111112,8.118215281457637,0.0,8.883119273957966,7.297399298183307,0.0,0.0,0.0,0.0,0.0,-90.31155630620631,Crozier
Cape Crozier,2024-04-23-15-16-44_UMBRA-07_GEC.tif,601.7200721,females present,-77.45274249,169.2750659333333,23/04/2024 15:16,23/04/2024,15:16:44,yes,23/04/2024 15:16,2024,4,23,114,23/04/2024,15:16:44 UTC,23/04/2024 15:16,4.7647199630737305,248.7803649902344,245.9637756347656,97.65254994082204,77.25944160198799,97.65254994082204,0.0,6.979247178281609,4199.5531153193315,7.772212549325274,6.1685150603458325,3711.7193268612305,4676.696295556529,3711.7193268612305,4676.696295556529,482.4884843476491,-74.8922811480465,Crozier
Cape Crozier,2024-05-02-15-27-32_UMBRA-07_GEC.tif,762.2053404000001,females present,-77.45211863,169.2749058,2/05/2024 15:27,2/05/2024,15:27:32,yes,2/05/2024 15:27,2024,5,2,123,2/05/2024,15:27:32 UTC,2/05/2024 15:27,4.396409034729004,251.4668731689453,249.36892700195312,102.21508801179104,82.96494524234161,102.21508801179104,0.0,6.803694468719966,5185.812258508299,7.590755323057834,6.004710630936142,4576.822510456181,5785.7142449044095,4576.822510456181,5785.7142449044095,604.4458672241144,-72.58407987543629,Crozier
Cape Crozier,2024-05-17-22-24-29_UMBRA-07_GEC.tif,550.1520551,females present,-77.45208197,169.2775054,17/05/2024 22:24,17/05/2024,22:24:29,yes,17/05/2024 22:24,2024,5,17,138,17/05/2024,22:24:29 UTC,17/05/2024 22:24,4.523411750793457,250.31187438964844,248.1273498535156,102.32946283342352,82.14783616354347,102.32946283342352,0.0,6.927094170192473,3810.955093602618,7.725933113423018,6.1119451448981845,3362.4991821242033,4250.437979914815,3362.4991821242033,4250.437979914815,443.96939889530563,-74.20555282092229,Crozier
Cape Crozier,2024-06-01-14-57-01_UMBRA-07_GEC.tif,487.1682625,females present,-77.45157182,169.27866761666667,1/06/2024 14:57,1/06/2024,14:57:01,yes,1/06/2024 14:57,2024,6,1,153,1/06/2024,14:57:01 UTC,1/06/2024 14:57,4.475450516,258.0779724121094,256.3072204589844,99.71366504478532,86.23243793549615,99.71366504478532,0.0,6.251180785627628,3045.3768819075963,6.963613843323588,5.542768620146046,2700.260958116072,3392.4516567729,2700.260958116072,3392.4516567729,346.09534932841416,-65.3533627089011,Crozier
Cape Crozier,2024-06-07-21-38-12_UMBRA-08_GEC.tif,526.3856,females present,-77.45274249,169.2750659333333,,7/06/2024,21:38:12,,7/06/2024 21:38,2024,6,7,159,7/06/2024,21:38:12 UTC,7/06/2024 21:38,5.413072109222412,251.9148406982422,246.2540740966797,73.64461350653268,60.03143922485395,73.64461350653268,0.0,6.2578805753446325,3294.0582213811294,6.911716591832396,5.607294746758575,2951.5992096493605,3638.2280852216504,2951.5992096493605,3638.2280852216504,343.31443778614494,-65.44101612886453,Crozier
Cape Crozier,2024-06-20-12-46-04_UMBRA-07_GEC.tif,492.6755284,females present,-77.4509479,169.2814129,20/06/2024 12:46,20/06/2024,12:46:04,yes,20/06/2024 12:46,2024,6,20,172,20/06/2024,12:46:04 UTC,20/06/2024 12:46,4.791593551635742,253.7499847412109,251.18077087402344,96.31190637,79.89937442419503,96.31190637,0.0,6.571214742519878,3237.476695500851,7.315120454106727,5.823081327470161,2868.889669927535,3603.9808350366798,2868.889669927535,3603.9808350366798,367.5455825545723,-69.5386195844639,Crozier
Cape Crozier,2024-06-24-21-20-53_UMBRA-08_GEC.tif,242.3694953,male huddle,-77.4512319,169.2811639,24/06/2024 21:20,24/06/2024,21:20:53,yes,24/06/2024 21:20,2024,6,24,176,24/06/2024,21:20:53 UTC,24/06/2024 21:20,5.185690402984619,247.0626220703125,243.61843872070312,93.13549635,72.49554557212626,93.13549635,0.0,7.095325607588296,1719.6904865003412,7.886514129910477,6.2826356104523535,1522.7192220591444,1911.450449342721,1522.7192220591444,1911.450449342721,194.3656136417883,-76.42444686611137,Crozier
Cape Crozier,2024-07-09-18-32-15_UMBRA-05_GEC.tif,280.22777,male huddle,-77.45274249,169.2750659333333,,9/07/2024,18:32:15,,9/07/2024 18:32,2024,7,9,191,9/07/2024,18:32:15 UTC,9/07/2024 18:32,3.974893093109131,246.70030212402344,241.40586853027344,78.14059639322268,60.61566295251352,78.14059639322268,0.0,6.409325345258248,1796.070948706199,7.112296473064343,5.706490548773257,1599.1171210088062,1993.062980225686,1599.1171210088062,1993.062980225686,196.97292960843993,-67.42154056525592,Crozier
Cape Crozier,2024-07-16-19-42-39_UMBRA-07_GEC.tif,274.6757767,male huddle,-77.45059827,169.283064,16/07/2024 19:42,16/07/2024,19:42:39,yes,16/07/2024 19:42,2024,7,16,198,16/07/2024,19:42:39 UTC,16/07/2024 19:42,4.74510669708252,245.0913848876953,241.51976013183597,93.14681016311566,71.16817371,93.14681016311566,0.0,7.132911618210498,1959.2380388644222,7.933772717597674,6.308728849034963,1732.8549965983752,2179.2151833674106,1732.8549965983752,2179.2151833674106,223.1800933845177,-76.92178563814068,Crozier
Cape Crozier,2024-08-06-13-47-45_UMBRA-04_GEC.tif,402.793503,female return,-77.45274249,169.2750659333333,,6/08/2024,13:47:45,,6/08/2024 13:47,2024,8,6,219,6/08/2024,13:47:45 UTC,6/08/2024 13:47,1.4086393117904663,255.2263336181641,252.9429626464844,97.64619040689875,82.16130492170899,97.64619040689875,0.0,5.630457759173833,2267.9118043111584,6.289949130973997,4.987382486351809,2008.8852624784947,2533.550644156822,2008.8852624784947,2533.550644156822,262.33269083916355,-57.186379482471494,Crozier
Cape Crozier,2024-08-09-19-26-21_UMBRA-07_GEC.tif,244.6545,female return,-77.45274249,169.2750659333333,,9/08/2024,19:26:21,,9/08/2024 19:26,2024,8,9,222,9/08/2024,19:26:21 UTC,9/08/2024 19:26,6.975492954,257.5174865722656,253.29327392578125,81.17923688,69.82626723743113,81.17923688,0.0,6.434016991186115,1574.1112099701436,7.102718907575015,5.764901601787853,1410.4091189346063,1737.7121429733115,1410.4091189346063,1737.7121429733115,163.6515120193526,-67.74438020335037,Crozier
Cape Roget,2024-03-30-10-57-25_UMBRA-05_GEC.tif,0.0,,-71.98334599,170.59750446428572,30/03/2024 10:57,30/03/2024,10:57:25,no,30/03/2024 10:57,2024,3,30,90,30/03/2024,10:57:25 UTC,30/03/2024 10:57,4.106091499328613,256.4725341796875,250.13088989257807,67.77039096989571,57.70988830214381,67.77039096989571,,,,,,,,,,,,Roget
Cape Roget,2024-04-12-13-42-46_UMBRA-07_GEC.tif,0.0,,-71.98334599,170.59750446428572,12/04/2024 13:42,12/04/2024,13:42:46,no,12/04/2024 13:42,2024,4,12,103,12/04/2024,13:42:46 UTC,12/04/2024 13:42,7.762541294,253.79872131347656,246.63616943359372,63.59820164249087,52.78506081308906,63.59820164249087,0.0,6.444756686939347,0.0,7.072707090725232,5.816235551758633,0.0,0.0,0.0,0.0,0.0,-67.88480188193762,Roget
Cape Roget,2024-05-02-20-09-23_UMBRA-08_GEC.tif,1929.412165,females present,-71.98334599,170.59750446428572,2/05/2024 20:09,2/05/2024,20:09:23,yes,2/05/2024 20:09,2024,5,2,123,2/05/2024,20:09:23 UTC,2/05/2024 20:09,8.764698028564453,255.39471435546875,248.7473297119141,66.2464783,55.83117580197482,66.2464783,0.0,6.651333658439416,12833.164074066965,7.296448414787411,6.001396599524267,11579.167606111754,14077.856332785797,11579.167606111754,14077.856332785797,1249.3443633370216,-70.58715540737276,Roget
Cape Roget,2024-05-09-20-35-25_UMBRA-08_GEC.tif,1406.0468,females present,-71.98468337,170.59679895714288,9/05/2024 20:35,9/05/2024,20:35:25,yes,9/05/2024 20:35,2024,5,9,130,9/05/2024,20:35:25 UTC,9/05/2024 20:35,3.2459075450897217,251.0526580810547,240.41726684570312,45.95802827116161,37.155587286873256,45.95802827116161,0.0,5.040450108281906,7087.108745309428,5.481815818295844,4.61231527386033,6485.131131402441,7707.689589504253,6485.131131402441,7707.689589504253,611.279229050906,-49.240859274387674,Roget
Cape Roget,2024-05-17-21-15-19_UMBRA-04_GEC.tif,1588.04102,females present,-71.98452484,170.59934686363638,17/05/2024 21:15,17/05/2024,21:15:19,yes,17/05/2024 21:15,2024,5,17,138,17/05/2024,21:15:19 UTC,17/05/2024 21:15,1.9434893131256104,251.9128418,246.2410125732422,73.56992877708352,59.96941459547108,73.56992877708352,0.0,5.3750973797074995,8535.875125470024,5.941570657071226,4.824803753991773,7661.986274788924,9435.45792665746,7661.986274788924,9435.45792665746,886.7358259342682,-53.778182125585545,Roget
Cape Roget,2024-05-24-21-22-03_UMBRA-05_GEC.tif,1732.589713,females present,-71.98355193,170.5982339076923,24/05/2024 21:22,24/05/2024,21:22:03,yes,24/05/2024 21:22,2024,5,24,145,24/05/2024,21:22:03 UTC,24/05/2024 21:22,5.917660713195801,250.9553680419922,243.73431396484372,63.87490126053118,51.59289607937757,63.87490126053118,0.0,6.196480872512633,10735.959016516654,6.817100781771466,5.579929431470937,9667.728332232484,11811.2386869815,9667.728332232484,11811.2386869815,1071.755177374508,-64.6375309740279,Roget
Cape Roget,2024-06-01-13-23-51_UMBRA-07_GEC.tif,1396.033592,females present,-71.9845059,170.59834806363637,1/06/2024 13:23,1/06/2024,13:23:51,yes,1/06/2024 13:23,2024,6,1,153,1/06/2024,13:23:51 UTC,1/06/2024 13:23,5.715419769287109,255.73977661132807,249.17454528808597,66.64143393332218,56.35042969217562,66.64143393332218,0.0,5.854855599095464,8173.575092646552,6.432506228657879,5.2862158048010395,7379.734838063566,8979.994775955633,7379.734838063566,8979.994775955633,800.1299689460334,-60.15324789946402,Roget
Cape Roget,2024-06-07-10-57-16_UMBRA-05_GEC.tif,1438.872792,females present,-71.98515328,170.59429287692308,7/06/2024 10:57,7/06/2024,10:57:16,yes,7/06/2024 10:57,2024,6,7,159,7/06/2024,10:57:16 UTC,7/06/2024 10:57,1.8652772903442385,249.0039978027344,243.2852783203125,74.23585070059592,58.85784639,74.23585070059592,0.0,5.590847464441551,8044.518300807134,6.195667292034285,5.000567407999031,7195.180387931769,8914.777094792451,7195.180387931769,8914.777094792451,859.7983534303412,-56.660207865300805,Roget
Cape Roget,2024-06-21-12-19-39_UMBRA-04_GEC.tif,955.1400241,male huddle,-71.98457302,170.60042997777776,21/06/2024 12:19,21/06/2024,12:19:39,yes,21/06/2024 12:19,2024,6,21,173,21/06/2024,12:19:39 UTC,21/06/2024 12:19,9.460806846618652,250.18325805664065,245.8773498535156,84.27367536462158,67.57020662,84.27367536462158,0.0,7.698731427433598,7353.366521138354,8.469255424065778,6.887587141032294,6578.610147876436,8089.3248298512435,6578.610147876436,8089.3248298512435,755.3573409874039,-84.50988618571026,Roget
Cape Roget,2024-06-25-21-07-07_UMBRA-08_GEC.tif,842.1613747,male huddle,-71.98467627,170.59599143333332,25/06/2024 21:07,25/06/2024,21:07:07,yes,25/06/2024 21:07,2024,6,25,177,25/06/2024,21:07:07 UTC,25/06/2024 21:07,1.9147751331329343,248.28167724609372,242.7203369140625,75.60538415445447,59.53395705123933,75.60538415445447,0.0,5.694315637694123,4795.532685416189,6.317607593703337,5.084506625513998,4281.975089414127,5320.445095928361,4281.975089414127,5320.445095928361,519.2350032571171,-58.03297000731115,Roget
Cape Roget,2024-07-10-13-13-50_UMBRA-07_GEC.tif,930.7568206,male huddle,-71.98504339,170.6026991,10/07/2024 13:13,10/07/2024,13:13:50,yes,10/07/2024 13:13,2024,7,10,192,10/07/2024,13:13:50 UTC,10/07/2024 13:13,2.1959762573242188,249.7650604248047,243.8304443359375,72.48592903923716,57.88789186220145,72.48592903923716,0.0,5.570493002916566,5184.774356569169,6.164092702196324,4.991254310949283,4645.643993265198,5737.271325379913,4645.643993265198,5737.271325379913,545.8136660573573,-56.389497446248384,Roget
Cape Roget,2024-07-16-11-53-21_UMBRA-08_GEC.tif,721.7907571,male huddle,-71.9868232,170.5984659,16/07/2024 11:53,16/07/2024,11:53:21,yes,16/07/2024 11:53,2024,7,16,198,16/07/2024,11:53:21 UTC,16/07/2024 11:53,1.6893292665481567,250.10177612304688,242.53895568847656,61.98886820093427,49.66380306568027,61.98886820093427,0.0,5.142937618082537,3712.124837073865,5.652441324859473,4.649609159157354,3356.0449152072806,4079.879903333646,3356.0449152072806,4079.879903333646,361.91749406318263,-50.640457264279604,Roget
Cape Roget,2024-08-09-20-58-58_UMBRA-07_GEC.tif,979.6392797,female return,-71.98443901,170.5952464,9/08/2024 20:58,9/08/2024,20:58:58,yes,9/08/2024 20:58,2024,8,9,222,9/08/2024,20:58:58 UTC,9/08/2024 20:58,6.100194931030273,254.5297698974609,245.88897705078125,55.34318596475947,46.25660623,55.34318596475947,0.0,5.741536020432732,5624.634211428326,6.275814837360308,5.21654022761456,5110.327711106402,6148.034726802224,5110.327711106402,6148.034726802224,518.8535078479113,-58.65774833194433,Roget
Cape Washington,2024-03-30-12-16-12_UMBRA-08_GEC.tif,0.0,,-74.64639116,165.3868059,30/03/2024 12:16,30/03/2024,12:16:12,no,30/03/2024 12:16,2024,3,30,90,30/03/2024,12:16:12 UTC,30/03/2024 12:16,9.382911682128906,257.8631591796875,250.32229614257807,60.549972254874056,52.25551877500012,60.549972254874056,,,,,,,,,,,,Washington
Cape Washington,2024-04-23-13-06-28_UMBRA-04_GEC.tif,844.4068963,females present,-74.64639116,165.3868059,23/04/2024 13:06,23/04/2024,13:06:28,yes,23/04/2024 13:06,2024,4,23,114,23/04/2024,13:06:28 UTC,23/04/2024 13:06,3.953114271163941,250.6128845214844,244.7530517578125,72.72684669,58.55123489543413,72.72684669,0.0,5.9588105541939,5031.660725706554,6.5886332201397035,5.337704946212783,4507.194866996694,5563.487328277241,4507.194866996694,5563.487328277241,528.1462306402736,-61.5210543787789,Washington
Cape Washington,2024-04-29-11-25-34_UMBRA-04_GEC.tif,3018.043601,females present,-74.64731817,165.38765485925924,29/04/2024 11:25,29/04/2024,11:25:34,yes,29/04/2024 11:25,2024,4,29,120,29/04/2024,11:25:34 UTC,29/04/2024 11:25,6.798926830291748,252.8451232910156,248.41905212402344,82.05724551992056,67.48662887602477,82.05724551992056,0.0,6.76946440410777,20430.538727014733,7.484179420331844,6.0458123015922505,18246.525129667574,22587.57980826841,18246.525129667574,22587.57980826841,2170.527339300417,-72.13502014210351,Washington
Cape Washington,2024-05-09-20-36-21_UMBRA-07_GEC.tif,2430.03259,females present,-74.64768866,165.39221779629628,9/05/2024 20:36,9/05/2024,20:36:21,yes,9/05/2024 20:36,2024,5,9,130,9/05/2024,20:36:21 UTC,9/05/2024 20:36,3.3646023273468018,251.5839080810547,247.99929809570312,89.27649636360717,72.54409748430125,89.27649636360717,0.0,6.1805933834925675,15019.043347425306,6.880678255680219,5.486055263060597,13331.293079778272,16720.272402607283,13331.293079778272,16720.272402607283,1694.4896614145055,-64.42954556062381,Washington
Cape Washington,2024-05-24-21-23-01_UMBRA-05_GEC.tif,2688.87637,females present,-74.64729035,165.39319045555555,24/05/2024 21:23,24/05/2024,21:23:01,yes,24/05/2024 21:23,2024,5,24,145,24/05/2024,21:23:01 UTC,24/05/2024 21:23,7.077545166015625,249.3694305419922,244.58782958984372,80.97579945297785,64.42502888995992,80.97579945297785,0.0,7.075533110712288,19025.233786546865,7.818214091937753,6.314513968092975,16978.947396840136,21022.21112741243,16978.947396840136,21022.21112741243,2021.6318652861464,-76.16280557607618,Washington
Cape Washington,2024-06-06-14-00-06_UMBRA-08_GEC.tif,2360.087595,females present,-74.64668286,165.395295,6/06/2024 14:00,6/06/2024,14:00:06,yes,6/06/2024 14:00,2024,6,6,158,6/06/2024,14:00:06 UTC,6/06/2024 14:00,7.563270568847656,252.5730743408203,247.7462310791016,79.24234007747566,65.00216529,79.24234007747566,0.0,6.909596728270949,16307.253524844853,7.624805321266628,6.181801309522025,14589.592585357686,17995.208453011357,14589.592585357686,17995.208453011357,1702.8079338268353,-73.97535954189212,Washington
Cape Washington,2024-06-20-11-32-16_UMBRA-05_GEC.tif,1632.904445,male huddle,-74.64699891,165.3936904368421,20/06/2024 11:32,20/06/2024,11:32:16,yes,20/06/2024 11:32,2024,6,20,172,20/06/2024,11:32:16 UTC,20/06/2024 11:32,5.571279048919678,248.6360626220703,243.6733856201172,79.90846795,63.13433793312046,79.90846795,0.0,6.7184319521049485,10970.557398022196,7.440673927894611,5.9883971986240905,9778.480404058824,12149.909530654719,9778.480404058824,12149.909530654719,1185.7145632979473,-71.466017256193,Washington
Cape Washington,2024-06-25-19-54-29_UMBRA-05_GEC.tif,1683.957717,male huddle,-74.64659493,165.3936599,25/06/2024 19:54,25/06/2024,19:54:29,yes,25/06/2024 19:54,2024,6,25,177,25/06/2024,19:54:29 UTC,25/06/2024 19:54,13.974693298339844,251.0938873291016,245.1786651611328,72.19474571286996,58.39009327,72.19474571286996,0.0,8.409655609082423,14161.50446022668,9.144717653649668,7.611643553239846,12817.685900531538,15399.317862649492,12817.685900531538,15399.317862649492,1290.8159810589768,-94.46837115290117,Washington
Cape Washington,2024-07-10-12-08-23_UMBRA-04_GEC.tif,1636.343828,male huddle,-74.64691856,165.3936931,10/07/2024 12:08,10/07/2024,12:08:23,yes,10/07/2024 12:08,2024,7,10,192,10/07/2024,12:08:23 UTC,10/07/2024 12:08,2.472498893737793,249.4651641845703,244.70542907714844,81.10080237066406,64.58325898787763,81.10080237066406,0.0,5.893645811829574,9644.030948605372,6.549858098524159,5.24823615515621,8587.918840376315,10717.819873795825,8587.918840376315,10717.819873795825,1064.950516709755,-60.664054255718696,Washington
Cape Washington,2024-08-06-12-17-34_UMBRA-04_GEC.tif,1141.371422,male huddle,-74.64662949,165.3944583,6/08/2024 12:17,6/08/2024,12:17:34,yes,6/08/2024 12:17,2024,8,6,219,6/08/2024,12:17:34 UTC,6/08/2024 12:17,2.8944458961486816,254.22955322265625,250.4298095703125,86.06372123757747,71.72648623,86.06372123757747,0.0,5.77276782172505,6588.872217558162,6.412952456233961,5.1452491187416936,5872.640303202454,7319.560664190148,5872.640303202454,7319.560664190148,723.460180493847,-59.07043941173572,Washington
Cape Washington,2024-08-09-21-35-14_UMBRA-04_GEC.tif,1851.565439,female return,-74.6478567,165.3968725857143,9/08/2024 21:35,9/08/2024,21:35:14,yes,9/08/2024 21:35,2024,8,9,222,9/08/2024,21:35:14 UTC,9/08/2024 21:35,7.013140201568604,257.3425598144531,252.73367309570312,78.59548050206479,67.49019441420883,78.59548050206479,0.0,6.387158768207489,11826.242428618798,7.044510180254061,5.730391592532906,10610.1950246701,13043.37158444208,10610.1950246701,13043.37158444208,1216.5882798859902,-67.13171423533007,Washington
Coulman Island,2024-04-23-13-43-22_UMBRA-07_GEC.tif,1921.503091,females present,-73.35004211,169.63747181176473,23/04/2024 13:43,23/04/2024,13:43:22,yes,23/04/2024 13:43,2024,4,23,114,23/04/2024,13:43:22 UTC,23/04/2024 13:43,6.473973751068115,250.92257690429688,248.4110565185547,98.87759686612372,79.84022063141731,98.87759686612372,0.0,7.283165387087632,13994.624803553095,8.083917180259917,6.453872475860663,12401.135911286088,15533.271849257435,12401.135911286088,15533.271849257435,1566.0679689856734,-78.91691424360923,Coulman
Coulman Island,2024-04-29-20-37-31_UMBRA-07_GEC.tif,3434.84187,females present,-73.34937617,169.64700392857145,29/04/2024 20:37,29/04/2024,20:37:31,yes,29/04/2024 20:37,2024,4,29,120,29/04/2024,20:37:31 UTC,29/04/2024 20:37,6.291778087615967,248.7719268798828,245.50540161132807,93.65478160585246,74.09060234,93.65478160585246,0.0,7.260041896854561,24937.095885270268,8.052520240470312,6.440416804271399,22121.813299562997,27659.133680989897,22121.813299562997,27659.133680989897,2768.66019071345,-78.60908969297566,Coulman
Coulman Island,2024-05-02-18-48-22_UMBRA-05_GEC.tif,3342.030279,females present,-73.35026958,169.64298715714287,2/05/2024 18:48,2/05/2024,18:48:22,yes,2/05/2024 18:48,2024,5,2,123,2/05/2024,18:48:22 UTC,2/05/2024 18:48,7.410161495,254.47984313964844,251.0258026123047,88.59748514738892,74.01556599046644,88.59748514738892,0.0,6.97709502423682,23317.662830459692,7.717814213371387,6.220957218156533,20790.627387442742,25793.168788783743,20790.627387442742,25793.168788783743,2501.2707006705004,-74.86392356499184,Coulman
Coulman Island,2024-05-24-21-36-07_UMBRA-04_GEC.tif,3849.379653,females present,-73.34931067,169.63550406666667,24/05/2024 21:36,24/05/2024,21:36:07,yes,24/05/2024 21:36,2024,5,24,145,24/05/2024,21:36:07 UTC,24/05/2024 21:36,7.931353569030762,248.9235992431641,245.33245849609372,90.77067162,71.9125111,90.77067162,0.0,7.582837473429482,29189.220282225375,8.375301507676232,6.751709883497819,25989.894648495505,32239.71521138911,25989.894648495505,32239.71521138911,3124.9102814468024,-82.93711960840119,Coulman
Coulman Island,2024-06-01-21-08-56_UMBRA-04_GEC.tif,3557.053739,females present,-73.34890779,169.6363682583333,1/06/2024 21:08,1/06/2024,21:08:56,yes,1/06/2024 21:08,2024,6,1,153,1/06/2024,21:08:56 UTC,1/06/2024 21:08,7.520655632019043,256.5113525390625,253.27366638183597,89.02635526564201,75.83869713850484,89.02635526564201,0.0,6.862386736236511,24409.878398594086,7.589694888342531,6.123334270874834,21781.02906336217,26996.952580447985,21781.02906336217,26996.952580447985,2607.961758542908,-73.3547490207236,Coulman
Coulman Island,2024-06-07-12-39-24_UMBRA-04_GEC.tif,3565.157141,females present,-73.3489902,169.6388174,7/06/2024 12:39,7/06/2024,12:39:24,yes,7/06/2024 12:39,2024,6,7,159,7/06/2024,12:39:24 UTC,7/06/2024 12:39,5.332817554473877,252.6627655029297,247.22756958007807,74.91650158113711,61.50644194991016,74.91650158113711,0.0,6.2145284848028215,22155.77060554269,6.865681337692807,5.5674846346450835,19848.957602612696,24477.232848905947,19848.957602612696,24477.232848905947,2314.1376231466256,-64.87375239379742,Coulman
Coulman Island,2024-06-19-20-47-45_UMBRA-07_GEC.tif,3448.58102,females present,-73.34701632,169.6368220117647,19/06/2024 20:47,19/06/2024,20:47:45,yes,19/06/2024 20:47,2024,6,19,171,19/06/2024,20:47:45 UTC,19/06/2024 20:47,3.901942491531372,246.8889312744141,243.9740753173828,98.03969809963422,76.18765099413332,98.03969809963422,0.0,6.913487460198812,23841.72163724963,7.712193681636927,6.098923901458919,21032.63320899558,26596.124753057033,21032.63320899558,26596.124753057033,2781.7457720307266,-74.02653678597352,Coulman
Coulman Island,2024-06-25-13-19-13_UMBRA-08_GEC.tif,2550.6261,male huddle,-73.34678849,169.63595610000002,,25/06/2024,13:19:13,,25/06/2024 13:19,2024,6,25,177,25/06/2024,13:19:13 UTC,25/06/2024 13:19,10.197798728942873,249.44134521484372,244.89447021484372,82.74828271810676,65.88027504516171,82.74828271810676,0.0,7.893786770554685,20134.09856481149,8.665358736410486,7.074217488151745,18043.683762356282,22102.090158951603,18043.683762356282,22102.090158951603,2029.2031982976605,-87.1844419765061,Coulman
Coulman Island,2024-07-10-21-17-47_UMBRA-04_GEC.tif,2487.969609,male huddle,-73.34678849,169.63595610000002,10/07/2024 21:17,10/07/2024,21:17:47,yes,10/07/2024 21:17,2024,7,10,192,10/07/2024,21:17:47 UTC,10/07/2024 21:17,4.476487159729004,248.59664916992188,246.0776367,100.51876210920216,79.38847078,100.51876210920216,0.0,6.996746877875713,17407.69359402041,7.8003432158033705,6.17430993014006,15361.495462735384,19407.016860688116,15361.495462735384,19407.016860688116,2022.7606989763663,-75.12292690837941,Coulman
Coulman Island,2024-07-16-13-27-00_UMBRA-07_GEC.tif,2183.149835,male huddle,-73.34817214,169.6327198,16/07/2024 13:27,16/07/2024,13:27:00,yes,16/07/2024 13:27,2024,7,16,198,16/07/2024,13:27:00 UTC,16/07/2024 13:27,3.62075400352478,246.7353973388672,244.38214111328125,103.49199596680336,80.30802915350057,103.49199596680336,0.0,6.999963266321943,15281.968649876813,7.820709162868546,6.159440988755327,13446.982578293431,17073.779918499455,13446.982578293431,17073.779918499455,1813.3986701030117,-75.16533127132163,Coulman
Coulman Island,2024-08-06-12-10-54_UMBRA-05_GEC.tif,2323.53444,male huddle,-73.34522754,169.64071567142858,6/08/2024 12:10,6/08/2024,12:10:54,yes,6/08/2024 12:10,2024,8,6,219,6/08/2024,12:10:54 UTC,6/08/2024 12:10,3.279636859893799,256.78619384765625,252.0235595703125,77.80352073994587,66.45365503414155,77.80352073994587,0.0,5.457641119766572,12681.017102937794,6.026322391958889,4.903944112076251,11394.483036244388,14002.367624259658,11394.483036244388,14002.367624259658,1303.9422940076347,-54.88424766193353,Coulman
Coulman Island,2024-08-08-19-29-30_UMBRA-05_GEC.tif,1927.186462,female return,-73.34508453,169.63273729999997,8/08/2024 19:29,8/08/2024,19:29:30,yes,8/08/2024 19:29,2024,8,8,221,8/08/2024,19:29:30 UTC,8/08/2024 19:29,7.062318325042725,255.6447906494141,249.03712463378903,66.41411143,56.10700893978018,66.41411143,0.0,6.200174903285686,11948.893135644332,6.8093337426159835,5.594870131329836,10782.35797374702,13122.855804009316,10782.35797374702,13122.855804009316,1170.2489151311474,-64.68588493655727,Coulman
Franklin Island,2024-03-29-19-15-03_UMBRA-04_GEC.tif,0.0,,-76.17710934,168.3951361,29/03/2024 19:15,29/03/2024,19:15:03,no,29/03/2024 19:15,2024,3,29,89,29/03/2024,19:15:03 UTC,29/03/2024 19:15,1.520440936088562,256.7908935546875,254.99221801757807,100.5407084616686,85.87785449,100.5407084616686,,,,,,,,,,,,Franklin
Franklin Island,2024-03-30-10-08-04_UMBRA-06_GEC.tif,0.0,,-76.17710934,168.3951361,30/03/2024 10:08,30/03/2024,10:08:04,no,30/03/2024 10:08,2024,3,30,90,30/03/2024,10:08:04 UTC,30/03/2024 10:08,1.520440936088562,256.7908935546875,254.99221801757807,100.5407084616686,85.87785449,100.5407084616686,,,,,,,,,,,,Franklin
Franklin Island,2024-04-06-21-02-03_UMBRA-05_GEC.tif,0.0,,-76.17710934,168.3951361,6/04/2024 21:02,6/04/2024,21:02:03,no,6/04/2024 21:02,2024,4,6,97,6/04/2024,21:02:03 UTC,6/04/2024 21:02,1.729792833328247,253.81573486328125,251.6148834228516,99.44258087,82.54853572043312,99.44258087,2.862222222222222,5.859738616398782,0.0,6.553899090572504,5.178436971883013,0.0,0.0,0.0,0.0,0.0,-60.2175787110416,Franklin
Franklin Island,2024-04-23-15-17-29_UMBRA-07_GEC.tif,116.8238632,females present,-76.17710934,168.3951361,23/04/2024 15:17,23/04/2024,15:17:29,yes,23/04/2024 15:17,2024,4,23,114,23/04/2024,15:17:29 UTC,23/04/2024 15:17,3.0900347232818604,250.4795837402344,247.7821350097656,97.53593559,78.42493063811497,97.53593559,0.0,6.4179440254310665,749.7690148522163,7.168732282347234,5.667075190229755,662.049616767515,837.478999470357,662.049616767515,837.478999470357,87.71469135142104,-67.53422830180722,Franklin
Franklin Island,2024-04-29-11-24-50_UMBRA-04_GEC.tif,839.8387,females present,-76.17726909,168.3912272,,29/04/2024,11:24:50,,29/04/2024 11:24,2024,4,29,120,29/04/2024,11:24:50 UTC,29/04/2024 11:24,5.807609081268311,250.3822326660156,247.22373962402344,93.57182408756135,75.16777177556278,93.57182408756135,0.0,7.013613568005862,5890.304101256405,7.788790485863623,6.220390906046178,5224.1250120256445,6541.327676220073,5224.1250120256445,6541.327676220073,658.6013320972143,-75.34533849476526,Franklin
Franklin Island,2024-05-02-15-28-16_UMBRA-07_GEC.tif,2395.684666,females present,-76.17726909,168.3912272,2/05/2024 15:28,2/05/2024,15:28:16,yes,2/05/2024 15:28,2024,5,2,123,2/05/2024,15:28:16 UTC,2/05/2024 15:28,2.4931113719940186,251.2481231689453,248.82205200195312,99.40320932080374,80.51432912063403,99.40320932080374,0.0,6.256565965276961,14988.759144831503,6.997632225443159,5.519706965365008,13223.477337738343,16764.12022080163,13223.477337738343,16764.12022080163,1770.3214415316434,-65.42381743126319,Franklin
Franklin Island,2024-05-09-21-19-25_UMBRA-04_GEC.tif,1164.731688,females present,-76.1773399,168.39055283636364,9/05/2024 21:19,9/05/2024,21:19:25,yes,9/05/2024 21:19,2024,5,9,130,9/05/2024,21:19:25 UTC,9/05/2024 21:19,3.054407119750977,248.8592987060547,246.13015747070312,98.39270313,77.90341498906145,98.39270313,0.0,6.555882311945309,7635.843871521403,7.326138884855605,5.781540086993808,6733.942944763966,8532.986109880307,6733.942944763966,8532.986109880307,899.5215825581704,-69.33804312992021,Franklin
Franklin Island,2024-05-17-21-03-38_UMBRA-05_GEC.tif,990.33649,females present,-76.17726909,168.3912272,,17/05/2024,21:03:38,,17/05/2024 21:03,2024,5,17,138,17/05/2024,21:03:38 UTC,17/05/2024 21:03,4.850942611694336,250.0163574,247.1609344482422,96.45596985,77.21507630596416,96.45596985,0.0,6.875136150697952,6808.698203754321,7.653839315477519,6.082559904209971,6023.781025750039,7579.87636271401,6023.781025750039,7579.87636271401,778.0476684819855,-73.52228363392251,Franklin
Franklin Island,2024-05-24-21-23-43_UMBRA-05_GEC.tif,1170.398216,females present,-76.17790199,168.3903008,24/05/2024 21:23,24/05/2024,21:23:43,yes,24/05/2024 21:23,2024,5,24,145,24/05/2024,21:23:43 UTC,24/05/2024 21:23,5.477524757385254,246.0940399169922,243.16595458984372,98.44965180460272,75.93389071761057,98.44965180460272,0.0,7.383151435901648,8641.227269037128,8.205025938705699,6.527413524259591,7639.673143887699,9603.147720894876,7639.673143887699,9603.147720894876,981.7372885035888,-80.25158426267802,Franklin
Franklin Island,2024-06-07-18-46-38_UMBRA-05_GEC.tif,1047.064489,females present,-76.17745707,168.3915643,7/06/2024 18:46,7/06/2024,18:46:38,yes,7/06/2024 18:46,2024,6,7,159,7/06/2024,18:46:38 UTC,7/06/2024 18:46,2.0998330116271973,254.44248962402344,252.5217285,101.40864864208646,84.68784864785269,101.40864864208646,0.0,5.966306950263604,6247.10813809491,6.674977869414992,5.2684731790741814,5516.431177057514,6989.132291925318,5516.431177057514,6989.132291925318,736.3505574339019,-61.6195584328174,Franklin
Franklin Island,2024-06-24-20-55-35_UMBRA-04_GEC.tif,684.65656,male huddle,-76.17726909,168.3912272,,24/06/2024,20:55:35,,24/06/2024 20:55,2024,6,24,176,24/06/2024,20:55:35 UTC,24/06/2024 20:55,4.671126365661621,244.5587158203125,241.72390747070312,100.37688088235652,76.30907375077312,100.37688088235652,0.0,7.346645730079309,5029.929193094788,8.179473038195685,6.48045169019931,4436.883761458045,5600.129872943806,4436.883761458045,5600.129872943806,581.6230557428803,-79.76357719061662,Franklin
Franklin Island,2024-08-09-20-49-47_UMBRA-05_GEC.tif,878.5774391,female return,-76.1763633,168.39021854285713,9/08/2024 20:49,9/08/2024,20:49:47,yes,9/08/2024 20:49,2024,8,9,222,9/08/2024,20:49:47 UTC,9/08/2024 20:49,3.4633021354675293,258.4887695,255.99053955078125,93.464385367831,81.14829241396158,93.464385367831,0.0,5.79295902184659,5089.563102225218,6.441251880947082,5.157243656784823,4531.037924792729,5659.138582160545,4531.037924792729,5659.138582160545,564.050328683908,-59.33702462035194,Franklin
