colony,image_id,lat,lon,date,time_UTC,area_m2,image_qual,notes,method,date_time,date_utc,time_utc,ts,year,month,day,doy,met_ff10,temp_airK,d2m,met_humc,rh_water,rh_ice,met_rad,rho_pred,count_pred,rho_lower,rho_upper,count_lower,count_upper,coeff_lower,coeff_upper,coeff_sd_pm,Ta_C
Coulman ,25SEP25001027-P3DS-050498012010_01_P001.TIF,-73.3483,169.6242,2025-09-25,00:10:27,5566.763985,3,birds on top of iceberg,Set Null,2025-09-25 00:10:27,2025-09-25,00:10:27 UTC,2025-09-25 00:10:27,2025,9,25,268,2.611344814300537,251.97093200683597,247.66868591308597,83.41864645871817,68.03520025135383,83.41864645871817,238.9155555555556,5.225327370083242,29088.164213614156,4.709410668805221,5.757689723976198,26216.177701679666,32051.69979223529,26216.177701679666,32051.69979223529,2917.7610452778117,-51.75888176705206
Coulman ,25SEP25001027-P3DS-050498012010_01_P001.TIF,-73.3483,169.6242,2025-09-25,00:10:27,11426.24535,3,birds at colony ,Set Null,2025-09-25 00:10:27,2025-09-25,00:10:27 UTC,2025-09-25 00:10:27,2025,9,25,268,2.611344814300537,251.97093200683597,247.66868591308597,83.41864645871817,68.03520025135383,83.41864645871817,238.9155555555556,5.225327370083242,59705.87256464137,4.709410668805221,5.757689723976198,53810.88175567604,65788.77543532582,53810.88175567604,65788.77543532582,5988.94683982489,-51.75888176705206
Coulman ,25SEP25001027-P3DS-050498012010_01_P001.TIF,-73.3483,169.6242,2025-09-25,00:10:27,16993.00933,3,combined areas iceberg and colony ,Set Null,2025-09-25 00:10:27,2025-09-25,00:10:27 UTC,2025-09-25 00:10:27,2025,9,25,268,2.611344814300537,251.97093200683597,247.66868591308597,83.41864645871817,68.03520025135383,83.41864645871817,238.9155555555556,5.225327370083242,88794.0367521289,4.709410668805221,5.757689723976198,80027.05943380867,97840.47519877266,80027.05943380867,97840.47519877266,8906.707882481998,-51.75888176705206
Franklin,25OCT24235922-P3DS-050498009010_01_P001.TIF,-76.17738,168.394475,2025-10-24,23:59:22,2934.939757,3,guano areas make it a little difficult,Set Null,2025-10-24 23:59:22,2025-10-24,23:59:22 UTC,2025-10-24 23:59:22,2025,10,24,297,3.261432647705078,253.79380798339844,250.53387451171875,90.56267937015583,75.16142564290158,90.56267937015583,397.6355555555556,5.062158164030578,14857.129251835471,4.582273575991393,5.558429686629011,13448.696895627701,16313.656273776536,13448.696895627701,16313.656273776536,1432.4796890744174,-49.53812191620824
Colbeck ,25SEP29221944-P3DS-050498011010_01_P001.TIF,-77.1514,-157.5841,2025-09-29,22:19:44,26896.49848,3,,Set Null,2025-09-29 22:19:44,2025-09-29,22:19:44 UTC,2025-09-29 22:19:44,2025,9,29,272,4.3459577560424805,250.7564239501953,246.9169769287109,87.68249090937138,70.6884612720385,87.68249090937138,190.08,5.985445789230868,160987.53357217042,5.352151561118027,6.627263680936314,143954.13632834062,178250.18752086276,143954.13632834062,178250.18752086276,17148.025596261068,-61.87097363439062
Beaufort ,25OCT03002129-P3DS-050498013010_01_P001.TIF,-76.927573,166.924777,2025-10-03,00:21:29,278.515083,2,ice texture makes it diffcult ,Set Null,2025-10-03 00:21:29,2025-10-03,00:21:29 UTC,2025-10-03 00:21:29,2025,10,3,276,1.507341742515564,259.63092041015625,254.2778167724609,72.72321708074286,63.838592826812366,72.72321708074286,170.56,4.302845226320753,1198.4072953448783,3.9527987460219336,4.66759155371874,1100.9140708305947,1299.994648994074,1100.9140708305947,1299.994648994074,99.54028908173962,-38.811355936072914
Roget ,25OCT22212910-P3DS-050498007010_01_P001.TIF,-71.983066,170.607817,2025-10-22,21:29:10,3743.167368,3,,Set Null,2025-10-22 21:29:10,2025-10-22,21:29:10 UTC,2025-10-22 21:29:10,2025,10,22,295,7.537265300750732,256.86444091796875,250.3014373779297,66.32915630717565,56.69578852335427,66.32915630717565,246.9155555555556,5.622975547619081,21047.738580909674,5.13510013194295,6.120335751585117,19221.539245301345,22909.44106653716,19221.539245301345,22909.44106653716,1843.9509106179084,-57.087051031264025
Washington ,25NOV01204221-P3DS-050498008010_01_P001.TIF,-74.645037,165.388537,2025-11-01,20:42:21,6302.404188,3,pansharpened colour image. Small shaddow,Maximum Likelihood,2025-11-01 20:42:21,2025-11-01,20:42:21 UTC,2025-11-01 20:42:21,2025,11,1,305,5.935633182525635,258.79083251953125,253.4175720214844,72.93556398608311,63.50904775419886,72.93556398608311,327.1111111111111,5.062678314501572,31907.045011811493,4.642777936430563,5.495066289798849,29260.66311051398,34632.12879816589,29260.66311051398,34632.12879816589,2685.7328438259556,-49.54523920090901
Crozier,25OCT10205022-P3DS-050498010010_01_P001.TIF,-77.448746,169.277041,2025-10-10,20:50:22,2569.876563,3,pansharpened colour image. Small shaddow,Maximum Likelihood,2025-10-10 20:50:22,2025-10-10,20:50:22 UTC,2025-10-10 20:50:22,2025,10,10,283,4.457452774047852,250.439697265625,246.4287109375,86.4759917617134,69.50562500762537,86.4759917617134,168.14222222222222,6.059327969549631,15571.724936475974,5.416073467169463,6.709837907868162,13918.640266764953,17243.455180959343,13918.640266764953,17243.455180959343,1662.4074570971952,-62.84061297378943
Coulman ,24OCT12204250-S2AS-050272143160_01_P001.TIF,-73.3483,169.6242,2024-10-12,20:42:50,15257.03,3,,Maximum Likelihood,2024-10-12 20:42:50,2024-10-12,20:42:50 UTC,2024-10-12 20:42:50,2024,10,12,286,0.9313523769378662,255.4553680419922,250.2682647705078,75.50411573108435,63.67038741850963,75.50411573108435,182.88,4.497973827678663,68625.72162810821,4.101390161196778,4.9113280741026175,62575.03273108408,74932.27976642587,62575.03273108408,74932.27976642587,6178.623517670894,-41.6421221361465
Colbeck ,24OCT18184722-S2AS-050272143040_01_P001.TIF,-77.1514,-157.5841,2024-10-18,18:47:22,18804.98835,3,,Maximum Likelihood,2024-10-18 18:47:22,2024-10-18,18:47:22 UTC,2024-10-18 18:47:22,2024,10,18,292,3.3236963748931885,257.16998291015625,251.01568603515625,68.68487667303322,58.882114193463714,68.68487667303322,95.80444444444444,4.974962960234001,93554.12050888191,4.528330978129746,5.436796982758513,85155.21128867396,102238.90392208898,85155.21128867396,102238.90392208898,8541.84631670751,-48.34132634602656
Roget ,24OCT11211806-S2AS-050272143230_01_P001.TIF,-71.983066,170.607817,2024-10-11,21:18:06,6321.303,3,,Maximum Likelihood,2024-10-11 21:18:06,2024-10-11,21:18:06 UTC,2024-10-11 21:18:06,2024,10,11,285,0.6327423453330994,254.564208984375,249.51263427734372,76.79821866959598,64.21022601686829,76.79821866959598,294.2577777777778,4.275299116640782,27025.461131918724,3.920538398635459,4.645423515284142,24782.91114090952,29365.12960343619,24782.91114090952,29365.12960343619,2291.1092312633355,-38.406759350186945
Washington ,24OCT27210449-S2AS-050272143190_01_P001.TIF,-74.645037,165.388537,2024-10-27,21:04:49,8970.449,3,,Maximum Likelihood,2024-10-27 21:04:49,2024-10-27,21:04:49 UTC,2024-10-27 21:04:49,2024,10,27,301,9.36550235748291,261.6375732421875,253.1935272216797,55.19993868717552,49.402450847540464,55.19993868717552,345.5288888888889,5.194285449355504,46595.07271488563,4.828615807951366,5.568375523967879,43314.851845821526,49950.82865060214,43314.851845821526,49950.82865060214,3317.988402390307,-51.338163670183576
