colony,site_id,type,date,month,day,year,DOY,lat,lon,count,count_se,method,notes
Crozier,CROZ,adults,21/11/2024,11,21,2024,325,-77.45274249,169.2750659333333,1075.00,NA,adults,"Annie Schmidt, Grant Ballard"
Crozier,CROZ,adults,22/11/2025,11,22,2025,326,-77.45274249,169.2750659333333,627.00,NA,adults,"Annie Schmidt, Grant Ballard"
Coulman,COUL,chicks,21/11/2024,11,21,2024,325,-73.35,169.61,21242.00,NA,chicks,Jeong-Hoon Kim 
Coulman,COUL,chicks,6/12/2025,12,6,2025,340,-73.35,169.61,6686.00,NA,chicks,Jeong-Hoon Kim 
Crozier,CROZ,chicks,21/11/2024,11,21,2024,325,-77.45274249,169.2750659333333,2773.00,NA,chicks,"Annie Schmidt, Grant Ballard"
Crozier,CROZ,chicks,22/11/2025,11,22,2025,326,-77.45274249,169.2750659333333,2782.00,NA,chicks,"Annie Schmidt, Grant Ballard"
Roget,ROGE,chicks,13/11/2025,11,13,2025,317,-71.983066,170.607817,7736.00,NA,chicks,Jeong-Hoon Kim 
Roget,ROGE,chicks,21/11/2024,11,21,2024,325,-71.983066,170.607817,7397.00,NA,chicks,Jeong-Hoon Kim 
Washington,WASH,chicks,15/11/2024,11,15,2024,319,-74.6478567,165.3968726,13803.00,NA,chicks,Jeong-Hoon Kim 
Washington,WASH,chicks,9/11/2025,11,9,2025,313,-74.6478567,165.3968726,14297.00,NA,chicks,Jeong-Hoon Kim 
Beaufort,BEAU,individuals,24/04/2025,4,24,2025,114,-76.932184,166.941618,NA,NA,SAR,no birds visible
Beaufort,BEAU,individuals,22/05/2025,5,22,2025,142,-76.932184,166.941618,NA,NA,SAR,no birds visible
Beaufort,BEAU,individuals,14/06/2025,6,14,2025,165,-76.932184,166.941618,631.52,62.29169014,SAR,
Beaufort,BEAU,individuals,30/06/2025,6,30,2025,181,-76.932184,166.941618,NA,NA,SAR,no birds visible
Beaufort,BEAU,individuals,9/07/2025,7,9,2025,190,-76.932184,166.941618,563.95,67.2197953,SAR,
Beaufort,BEAU,individuals,21/08/2025,8,21,2025,233,-76.932184,166.941618,NA,NA,SAR,no birds visible
Colbeck,COLB,individuals,23/04/2025,4,23,2025,113,-77.1514,-157.5841,40270.80,4174.508883,SAR,
Colbeck,COLB,individuals,13/05/2025,5,13,2025,133,-77.1514,-157.5841,34153.47,3378.519388,SAR,
Colbeck,COLB,individuals,22/05/2025,5,22,2025,142,-77.1514,-157.5841,NA,NA,SAR,birds too dispersed to quantify
Colbeck,COLB,individuals,5/06/2025,6,5,2025,156,-77.1514,-157.5841,31649.71,3612.69346,SAR,
Colbeck,COLB,individuals,13/06/2025,6,13,2025,164,-77.1514,-157.5841,23428.61,2104.800362,SAR,
Colbeck,COLB,individuals,30/06/2025,6,30,2025,181,-77.1514,-157.5841,25236.63,2604.450947,SAR,
Colbeck,COLB,individuals,8/07/2025,7,8,2025,189,-77.1514,-157.5841,25691.93,2558.02183,SAR,
Colbeck,COLB,individuals,25/07/2025,7,25,2025,206,-77.1514,-157.5841,21205.32,2555.47218,SAR,
Colbeck,COLB,individuals,6/08/2025,8,6,2025,218,-77.1514,-157.5841,18213.28,1973.255451,SAR,
Colbeck,COLB,individuals,20/08/2025,8,20,2025,232,-77.1514,-157.5841,16744.86,1735.873039,SAR,
Colbeck,COLB,individuals,29/08/2025,8,29,2025,241,-77.1514,-157.5841,NA,NA,SAR,birds too dispersed to quantify
Coulman,COUL,individuals,25/04/2025,4,25,2025,115,-73.3544,169.6198,6408.62,682.444533,SAR,
Coulman,COUL,individuals,13/05/2025,5,13,2025,133,-73.3544,169.6198,23283.57,2648.552293,SAR,
Coulman,COUL,individuals,23/05/2025,5,23,2025,143,-73.3544,169.6198,29584.92,2923.518639,SAR,
Coulman,COUL,individuals,2/06/2025,6,2,2025,153,-73.3544,169.6198,27108.56,3033.688026,SAR,
Coulman,COUL,individuals,13/06/2025,6,13,2025,164,-73.3544,169.6198,27517.38,2363.385874,SAR,
Coulman,COUL,individuals,30/06/2025,6,30,2025,181,-73.3544,169.6198,20631.43,2399.488398,SAR,
Coulman,COUL,individuals,11/07/2025,7,11,2025,192,-73.3544,169.6198,16330.02,1900.199776,SAR,
Coulman,COUL,individuals,24/07/2025,7,24,2025,205,-73.3544,169.6198,14606.81,1736.788617,SAR,
Coulman,COUL,individuals,6/08/2025,8,6,2025,218,-73.3544,169.6198,12784.20,1489.827412,SAR,
Coulman,COUL,individuals,21/08/2025,8,21,2025,233,-73.3544,169.6198,11262.38,1224.781846,SAR,
Coulman,COUL,individuals,23/04/2024,4,23,2024,114,-73.35004211,169.6374718,13994.62,1566.067969,SAR,
Coulman,COUL,individuals,29/04/2024,4,29,2024,120,-73.34937617,169.6470039,24937.10,2768.660191,SAR,
Coulman,COUL,individuals,2/05/2024,5,2,2024,123,-73.35026958,169.6429872,23317.66,2501.270701,SAR,
Coulman,COUL,individuals,24/05/2024,5,24,2024,145,-73.34931067,169.6355041,29189.22,3124.910281,SAR,
Coulman,COUL,individuals,1/06/2024,6,1,2024,153,-73.34890779,169.6363683,24409.88,2607.961759,SAR,
Coulman,COUL,individuals,7/06/2024,6,7,2024,159,-73.3489902,169.6388174,22155.77,2314.137623,SAR,
Coulman,COUL,individuals,19/06/2024,6,19,2024,171,-73.34701632,169.636822,23841.72,2781.745772,SAR,
Coulman,COUL,individuals,25/06/2024,6,25,2024,177,-73.34678849,169.6359561,20134.10,2029.203198,SAR,
Coulman,COUL,individuals,10/07/2024,7,10,2024,192,-73.34678849,169.6359561,17407.69,2022.760699,SAR,
Coulman,COUL,individuals,16/07/2024,7,16,2024,198,-73.34817214,169.6327198,15281.97,1813.39867,SAR,
Coulman,COUL,individuals,6/08/2024,8,6,2024,219,-73.34522754,169.6407157,12681.02,1303.942294,SAR,
Coulman,COUL,individuals,8/08/2024,8,8,2024,221,-73.34508453,169.6327373,11948.89,1170.248915,SAR,
Crozier,CROZ,individuals,24/04/2025,4,24,2025,114,-77.448746,169.277041,2513.96,282.0652816,SAR,
Crozier,CROZ,individuals,22/05/2025,5,22,2025,142,-77.448746,169.277041,4501.43,439.3168014,SAR,
Crozier,CROZ,individuals,14/06/2025,6,14,2025,165,-77.448746,169.277041,NA,NA,SAR,birds too dispersed to quantify
Crozier,CROZ,individuals,30/06/2025,6,30,2025,181,-77.448746,169.277041,2423.54,281.0739206,SAR,
Crozier,CROZ,individuals,18/07/2025,7,18,2025,199,-77.448746,169.277041,1875.91,176.0182918,SAR,
Crozier,CROZ,individuals,5/08/2025,8,5,2025,217,-77.448746,169.277041,1672.54,197.8880217,SAR,
Crozier,CROZ,individuals,21/08/2025,8,21,2025,233,-77.448746,169.277041,1543.15,180.4430534,SAR,
Crozier,CROZ,individuals,23/04/2024,4,23,2024,114,-77.45274249,169.2750659,4199.55,482.4884843,SAR,
Crozier,CROZ,individuals,2/05/2024,5,2,2024,123,-77.45211863,169.2749058,5185.81,604.4458672,SAR,
Crozier,CROZ,individuals,17/05/2024,5,17,2024,138,-77.45208197,169.2775054,3810.96,443.9693989,SAR,
Crozier,CROZ,individuals,1/06/2024,6,1,2024,153,-77.45157182,169.2786676,3045.38,346.0953493,SAR,
Crozier,CROZ,individuals,7/06/2024,6,7,2024,159,-77.45274249,169.2750659,3294.06,343.3144378,SAR,
Crozier,CROZ,individuals,20/06/2024,6,20,2024,172,-77.4509479,169.2814129,3237.48,367.5455826,SAR,
Crozier,CROZ,individuals,24/06/2024,6,24,2024,176,-77.4512319,169.2811639,1719.69,194.3656136,SAR,
Crozier,CROZ,individuals,9/07/2024,7,9,2024,191,-77.45274249,169.2750659,1796.07,196.9729296,SAR,
Crozier,CROZ,individuals,16/07/2024,7,16,2024,198,-77.45059827,169.283064,1959.24,223.1800934,SAR,
Crozier,CROZ,individuals,6/08/2024,8,6,2024,219,-77.45274249,169.2750659,2267.91,262.3326908,SAR,
Crozier,CROZ,individuals,9/08/2024,8,9,2024,222,-77.45274249,169.2750659,1574.11,163.651512,SAR,
Franklin,FRAN,individuals,24/04/2025,4,24,2025,114,-76.17738,168.394475,3965.16,457.0610231,SAR,
Franklin,FRAN,individuals,22/05/2025,5,22,2025,142,-76.17738,168.394475,7647.72,876.1983568,SAR,
Franklin,FRAN,individuals,14/06/2025,6,14,2025,165,-76.17738,168.394475,7328.11,830.0583904,SAR,
Franklin,FRAN,individuals,30/06/2025,6,30,2025,181,-76.17738,168.394475,3998.01,471.1766285,SAR,
Franklin,FRAN,individuals,22/07/2025,7,22,2025,203,-76.17738,168.394475,4593.96,550.0190665,SAR,
Franklin,FRAN,individuals,6/08/2025,8,6,2025,218,-76.17738,168.394475,4363.31,507.3998745,SAR,
Franklin,FRAN,individuals,24/08/2025,8,24,2025,236,-76.17738,168.394475,,,SAR,birds too dispersed to quantify
Franklin,FRAN,individuals,23/04/2024,4,23,2024,114,-76.17710934,168.3951361,749.77,87.71469135,SAR,
Franklin,FRAN,individuals,29/04/2024,4,29,2024,120,-76.17726909,168.3912272,5890.30,658.6013321,SAR,
Franklin,FRAN,individuals,2/05/2024,5,2,2024,123,-76.17726909,168.3912272,14988.76,1770.321442,SAR,
Franklin,FRAN,individuals,9/05/2024,5,9,2024,130,-76.1773399,168.3905528,7635.84,899.5215826,SAR,
Franklin,FRAN,individuals,17/05/2024,5,17,2024,138,-76.17726909,168.3912272,6808.70,778.0476685,SAR,
Franklin,FRAN,individuals,24/05/2024,5,24,2024,145,-76.17790199,168.3903008,8641.23,981.7372885,SAR,
Franklin,FRAN,individuals,7/06/2024,6,7,2024,159,-76.17745707,168.3915643,6247.11,736.3505574,SAR,
Franklin,FRAN,individuals,24/06/2024,6,24,2024,176,-76.17726909,168.3912272,5029.93,581.6230557,SAR,
Franklin,FRAN,individuals,9/08/2024,8,9,2024,222,-76.1763633,168.3902185,5089.56,564.0503287,SAR,
Roget,ROGE,individuals,25/04/2025,4,25,2025,115,-71.983066,170.607817,9238.57,943.2235178,SAR,
Roget,ROGE,individuals,22/05/2025,5,22,2025,142,-71.983066,170.607817,9882.92,1005.093186,SAR,
Roget,ROGE,individuals,13/06/2025,6,13,2025,164,-71.983066,170.607817,5784.69,456.1446079,SAR,
Roget,ROGE,individuals,30/06/2025,6,30,2025,181,-71.983066,170.607817,8666.08,1058.091225,SAR,
Roget,ROGE,individuals,18/07/2025,7,18,2025,199,-71.983066,170.607817,5851.31,442.0040726,SAR,
Roget,ROGE,individuals,6/08/2025,8,6,2025,218,-71.983066,170.607817,7238.65,704.111008,SAR,
Roget,ROGE,individuals,20/08/2025,8,20,2025,232,-71.983066,170.607817,2978.64,303.7069807,SAR,
Roget,ROGE,individuals,2/05/2024,5,2,2024,123,-71.98334599,170.5975045,12833.16,1249.344363,SAR,
Roget,ROGE,individuals,9/05/2024,5,9,2024,130,-71.98468337,170.596799,7087.11,611.2792291,SAR,
Roget,ROGE,individuals,17/05/2024,5,17,2024,138,-71.98452484,170.5993469,8535.88,886.7358259,SAR,
Roget,ROGE,individuals,24/05/2024,5,24,2024,145,-71.98355193,170.5982339,10735.96,1071.755177,SAR,
Roget,ROGE,individuals,1/06/2024,6,1,2024,153,-71.9845059,170.5983481,8173.58,800.1299689,SAR,
Roget,ROGE,individuals,7/06/2024,6,7,2024,159,-71.98515328,170.5942929,8044.52,859.7983534,SAR,
Roget,ROGE,individuals,21/06/2024,6,21,2024,173,-71.98457302,170.60043,7353.37,755.357341,SAR,
Roget,ROGE,individuals,25/06/2024,6,25,2024,177,-71.98467627,170.5959914,4795.53,519.2350033,SAR,
Roget,ROGE,individuals,10/07/2024,7,10,2024,192,-71.98504339,170.6026991,5184.77,545.8136661,SAR,
Roget,ROGE,individuals,16/07/2024,7,16,2024,198,-71.9868232,170.5984659,3712.12,361.9174941,SAR,
Roget,ROGE,individuals,9/08/2024,8,9,2024,222,-71.98443901,170.5952464,5624.63,518.8535078,SAR,
Washington,WASH,individuals,24/04/2025,4,24,2025,114,-74.645037,165.388537,10575.91,1164.36253,SAR,
Washington,WASH,individuals,23/05/2025,5,23,2025,143,-74.645037,165.388537,23282.27,2471.270469,SAR,
Washington,WASH,individuals,13/06/2025,6,13,2025,164,-74.645037,165.388537,27401.09,2707.061367,SAR,
Washington,WASH,individuals,30/06/2025,6,30,2025,181,-74.645037,165.388537,12318.18,1294.191354,SAR,
Washington,WASH,individuals,18/07/2025,7,18,2025,199,-74.645037,165.388537,13147.61,1317.827477,SAR,
Washington,WASH,individuals,6/08/2025,8,6,2025,218,-74.645037,165.388537,8637.92,923.481065,SAR,
Washington,WASH,individuals,20/08/2025,8,20,2025,232,-74.645037,165.388537,9372.27,1093.951194,SAR,
Washington,WASH,individuals,23/04/2024,4,23,2024,114,-74.64639116,165.3868059,5031.66,528.1462306,SAR,
Washington,WASH,individuals,29/04/2024,4,29,2024,120,-74.64731817,165.3876549,20430.54,2170.527339,SAR,
Washington,WASH,individuals,9/05/2024,5,9,2024,130,-74.64768866,165.3922178,15019.04,1694.489661,SAR,
Washington,WASH,individuals,24/05/2024,5,24,2024,145,-74.64729035,165.3931905,19025.23,2021.631865,SAR,
Washington,WASH,individuals,6/06/2024,6,6,2024,158,-74.64668286,165.395295,16307.25,1702.807934,SAR,
Washington,WASH,individuals,20/06/2024,6,20,2024,172,-74.64699891,165.3936904,10970.56,1185.714563,SAR,
Washington,WASH,individuals,25/06/2024,6,25,2024,177,-74.64659493,165.3936599,14161.50,1290.815981,SAR,
Washington,WASH,individuals,10/07/2024,7,10,2024,192,-74.64691856,165.3936931,9644.03,1064.950517,SAR,
Washington,WASH,individuals,6/08/2024,8,6,2024,219,-74.64662949,165.3944583,6588.87,723.4601805,SAR,
Washington,WASH,individuals,9/08/2024,8,9,2024,222,-74.6478567,165.3968726,11826.24,1216.58828,SAR,
Beaufort,BEAU,breeding pairs,9/07/2025,7,9,2025,190,-76.93,166.94,563.95,67.22,SAR-bp,
Colbeck,COLB,breeding pairs,24/07/2025,7,24,2025,205.2,-77.15,-157.58,21418.41,2910.88,SAR-bp,
Coulman,COUL,breeding pairs,18/07/2025,7,18,2025,199,-73.35,169.61,16088.12,2521.48,SAR-bp,
Coulman,COUL,breeding pairs,16/07/2024,7,16,2024,196.5,-73.35,169.61,16376.19,2390.72,SAR-bp,
Crozier,CROZ,breeding pairs,18/07/2025,7,18,2025,199,-77.45,169.28,1990.66,312.98,SAR-bp,
Crozier,CROZ,breeding pairs,1/07/2024,7,1,2024,182.67,-77.45,169.28,2349.79,538.42,SAR-bp,
Franklin,FRAN,breeding pairs,19/07/2024,7,19,2025,200.67,-76.1763633,168.3902185,4318.43,538.26,SAR-bp,
Franklin,FRAN,breeding pairs,24/06/2024,8,9,2024,176,-76.1763633,168.3902185,5029.93,581.62,SAR-bp,
Roget,ROGE,breeding pairs,18/07/2025,7,18,2025,199.33,-71.98,170.61,7252.01,1095.5,SAR-bp,
Roget,ROGE,breeding pairs,4/07/2024,7,4,2024,185,-71.98,170.6,5261.45,938.59,SAR-bp,
Washington,WASH,breeding pairs,18/07/2025,7,18,2025,199.33,-74.65,165.39,11367.90,1819.17,SAR-bp,
Washington,WASH,breeding pairs,9/07/2024,7,9,2024,190,-74.65,165.39,10341.24,1897.35,SAR-bp,
Beaufort,BEAU,abundance index,NA,NA,NA,2024,276,-76.94,167.02,293.27,123.6203679,VHR-bayes,"no VHR image acquired in 2024, doy taken from 2025"
Beaufort,BEAU,abundance index,3/10/2025,10,3,2025,276,-76.94,167.02,273.90,113.6442289,VHR-bayes,
Colbeck,COLB,abundance index,18/10/2024,10,18,2024,292,-77.135,-157.715,23821.74,6363.676973,VHR-bayes,
Colbeck,COLB,abundance index,29/09/2025,9,29,2025,272,-77.135,-157.715,23618.61,6739.474904,VHR-bayes,
Coulman,COUL,abundance index,25/09/2025,9,25,2025,268,-73.35,169.61,12409.81,2617.732166,VHR-bayes,combined
Coulman,COUL,abundance index,25/09/2025,9,25,2025,268,-73.35,169.61,8850.12,2638.145196,VHR-bayes,iceberg
Coulman,COUL,abundance index,25/09/2025,9,25,2025,268,-73.35,169.61,10089.04,2369.123835,VHR-bayes,colony
Coulman,COUL,abundance index,12/10/2024,10,12,2024,286,-73.3483,169.6242,12045.81618,2349.10578,VHR-bayes,
Crozier,CROZ,abundance index,NA,NA,NA,2024,283,-77.46,169.32,1332.22,232.3530278,VHR-bayes,"no VHR image acquired in 2024, doy taken from 2025"
Crozier,CROZ,abundance index,10/10/2025,10,10,2025,283,-77.46,169.32,1715.35,330.4791227,VHR-bayes,
Franklin,FRAN,abundance index,NA,NA,NA,2024,297,-76.18,168.43,3172.53,836.9516397,VHR-bayes,"no VHR image acquired in 2024, doy taken from 2025"
Franklin,FRAN,abundance index,24/10/2025,10,24,2025,297,-76.18,168.43,2998.27,847.338343,VHR-bayes,
Roget,ROGE,abundance index,22/10/2025,10,22,2025,295,-71.99,170.59,4049.60,979.095884,VHR-bayes,
Roget,ROGE,abundance index,11/10/2024,10,11,2024,285,-71.99,170.59,4382.11,814.9177556,VHR-bayes,
Washington,WASH,abundance index,27/10/2024,10,27,2024,301,-74.64,165.37,7458.19,1616.423711,VHR-bayes,
Washington,WASH,abundance index,1/11/2025,11,1,2025,305,-74.64,165.37,6819.64,1786.311464,VHR-bayes,
Beaufort,BEAU,abundance index,3/10/2025,10,3,2025,276,-76.932184,166.941618,1198.41,99.54028908,VHR-rho,
Colbeck,COLB,abundance index,29/09/2025,9,29,2025,272,-77.135,-157.715,160987.53,17148.0256,VHR-rho,
Colbeck,COLB,abundance index,18/10/2024,10,18,2024,292,-77.1514,-157.5841,93554.12,8541.846317,VHR-rho,
Coulman,COUL,abundance index,25/09/2025,9,25,2025,268,-73.35,169.61,88794.04,8906.707882,VHR-rho,combined
Coulman,COUL,abundance index,25/09/2025,9,25,2025,268,-73.35,169.61,29088.16,2917.761045,VHR-rho,iceberg
Coulman,COUL,abundance index,25/09/2025,9,25,2025,268,-73.35,169.61,59705.87,5988.94684,VHR-rho,colony
Crozier,CROZ,abundance index,10/10/2025,10,10,2025,283,-77.46,169.32,15571.72,1662.407457,VHR-rho,
Franklin,FRAN,abundance index,24/10/2025,10,24,2025,297,-76.18,168.43,14857.13,1432.479689,VHR-rho,
Roget,ROGE,abundance index,22/10/2025,10,22,2025,295,-71.99,170.59,21047.74,1843.950911,VHR-rho,
Roget,ROGE,abundance index,11/10/2024,10,11,2024,285,-71.99,170.59,27025.46,2291.109231,VHR-rho,
Washington,WASH,abundance index,27/10/2024,10,27,2024,301,-74.64,165.37,46595.07,3317.988402,VHR-rho,
Washington,WASH,abundance index,1/11/2025,11,1,2025,305,-74.64,165.37,31907.05,2685.732844,VHR-rho,
