site_id,site_name,Catalog_id,img_lon,img_lat,img_date,img_day,img_month,img_year,satellite,area_m2,img_qualit,bpresent,polynya,polynya_si,ccamlr_reg,ice_reg,p_ice_reg,note
BEAN,Beaufort Island,1010010004960C00,167.02,-76.94,10/15/2005,15,10,2005,QB02,1886,2,yes,Ross Sea,20230,Subarea 88.1,Victoria Oates Land,Ross,
BEAN,Beaufort Island,1.01E+11,167.02,-76.94,10/24/2006,24,10,2006,QB02,2093,2,yes,Ross Sea,20230,Subarea 88.1,Victoria Oates Land,Ross,
BEAN,Beaufort Island,101001000A6E2800,167.02,-76.94,12/10/2009,12,10,2009,QB02,1758,1,yes,Ross Sea,20230,Subarea 88.1,Victoria Oates Land,Ross,
BEAN,Beaufort Island,103001000701B200,167.02,-76.94,10/29/2010,29,10,2010,WV02,1753.473589,2,yes,Ross Sea,20230,Subarea 88.1,Victoria Oates Land,Ross,
BEAN,Beaufort Island,103001000D9DDA00,167.02,-76.94,10/01/2011,1,10,2011,WV02,0,1,no,Ross Sea,20230,Subarea 88.1,Victoria Oates Land,Ross,
BEAN,Beaufort Island,101001001073DA00,167.02,-76.94,10/17/2012,17,10,2012,QB02,0,2,no,Ross Sea,20230,Subarea 88.1,Victoria Oates Land,Ross,
BEAN,Beaufort Island,1030010028C76500,167.02,-76.94,10/28/2013,28,10,2013,WV02,1590.339681,2,yes,Ross Sea,20230,Subarea 88.1,Victoria Oates Land,Ross,
BEAN,Beaufort Island,103001003809B700,167.02,-76.94,9/29/2014,29,9,2014,WV02,1890.66491,1,yes,Ross Sea,20230,Subarea 88.1,Victoria Oates Land,Ross,
BEAN,Beaufort Island,103001004A940C00,167.02,-76.94,9/24/2015,24,9,2015,WV02,581.800598,1,yes,Ross Sea,20230,Subarea 88.1,Victoria Oates Land,Ross,
BEAN,Beaufort Island,10400100227CF300,167.02,-76.94,9/28/2016,28,9,2016,WV03,1945.395119,2,yes,Ross Sea,20230,Subarea 88.1,Victoria Oates Land,Ross,
BEAN,Beaufort Island,10400100349F2D00,167.02,-76.94,11/08/2017,8,11,2017,WV03,0,1,NA,Ross Sea,20230,Subarea 88.1,Victoria Oates Land,Ross,
BEAN,Beaufort Island,103001008AAD7000,167.02,-76.94,11/24/2018,24,11,2018,WV02,NA,2,NA,Ross Sea,20230,Subarea 88.1,Victoria Oates Land,Ross,
BEAN,Beaufort Island,103001009A45D100,167.02,-76.94,9/18/2019,18,9,2019,WV02,NA,NA,no,Ross Sea,20230,Subarea 88.1,Victoria Oates Land,Ross,
BEAN,Beaufort Island,WV02_20191124205212_103001009F654C00_19NOV24205212-M1BS-503852959040_01_P001_u16ns3031_pansh.tif,167.02,-76.94,11/24/2019,24,11,2019,WV02,708.082,1,yes,Ross Sea,20230,Subarea 88.1,Victoria Oates Land,Ross,
BEAN,Beaufort Island,WV02_20201124211019_10300100B151AE00_20NOV24211019-M1BS-504892757050_01_P001_u16ns3031_pansh.tif,167.02,-76.94,11/24/2020,24,11,2020,WV02,362.8714,1,yes,Ross Sea,20230,Subarea 88.1,Victoria Oates Land,Ross,
BEAN,Beaufort Island,WV03_20211130204832_10400100722B0B00_21NOV30204832-M1BS-505967780020_01_P001_u16ns3031_pansh.tif,167.02,-76.94,11/30/2021,30,11,2021,WV02,0,1,no,Ross Sea,20230,Subarea 88.1,Victoria Oates Land,Ross,
BEAN,Beaufort Island,22OCT23205420-S2AS-050272143090_01_P001.TIF,167.02,-76.94,10/23/2022,23,10,2022,WV03,205.0389,1,yes,Ross Sea,20230,Subarea 88.1,Victoria Oates Land,Ross,
BEAN,Beaufort Island,23OCT11213949-S2AS-050272143100_01_P001.TIF,167.02,-76.94,10/11/2023,11,10,2023,WV03,104.8273,1,yes,Ross Sea,20230,Subarea 88.1,Victoria Oates Land,Ross,
BEAN,Beaufort Island,25OCT03002129-P3DS-050498013010_01_P001.TIF,167.02,-76.94,10/03/2025,3,10,2025,WV02,278.515083,1,yes,Ross Sea,20231,Subarea 88.2,Victoria Oates Land,Ross,
COUL,Coulman Island,10100100049A4300,169.61,-73.35,10/22/2005,22,10,2005,QB02,31757,2,yes,Ross Sea,20230,Subarea 88.1,Victoria Oates Land,Ross,
COUL,Coulman Island,10100100053C8500,169.61,-73.35,10/02/2006,2,10,2006,QB02,31810,2,yes,Ross Sea,20230,Subarea 88.1,Victoria Oates Land,Ross,
COUL,Coulman Island,101001000A741600,169.61,-73.35,10/16/2009,16,10,2009,QB02,27114,2,yes,Ross Sea,20230,Subarea 88.1,Victoria Oates Land,Ross,
COUL,Coulman Island,1.03E+15,169.61,-73.35,9/29/2010,29,9,2010,WV02,42875.05392,3,yes,Ross Sea,20230,Subarea 88.1,Victoria Oates Land,Ross,
COUL,Coulman Island,101001000E357300,169.61,-73.35,9/30/2011,30,9,2011,WV02,14964.65,2,yes,Ross Sea,20230,Subarea 88.1,Victoria Oates Land,Ross,
COUL,Coulman Island,101001000E283100,169.61,-73.35,9/21/2011,21,9,2011,QB02,15047.01,3,yes,Ross Sea,20230,Subarea 88.1,Victoria Oates Land,Ross,
COUL,Coulman Island,101001000E36F100,169.61,-73.35,10/01/2011,1,10,2011,QB02,18488.57,3,yes,Ross Sea,20230,Subarea 88.1,Victoria Oates Land,Ross,
COUL,Coulman Island,101001000E32A400,169.61,-73.35,9/28/2011,28,9,2011,QB02,20738.58,1,yes,Ross Sea,20230,Subarea 88.1,Victoria Oates Land,Ross,
COUL,Coulman Island,101001000E418600,169.61,-73.35,10/08/2011,8,10,2011,QB02,23490.58,1,yes,Ross Sea,20230,Subarea 88.1,Victoria Oates Land,Ross,
COUL,Coulman Island,101001000E59A900,169.61,-73.35,10/24/2011,24,10,2011,QB02,23490.84,2,yes,Ross Sea,20230,Subarea 88.1,Victoria Oates Land,Ross,
COUL,Coulman Island,101001000E686700,169.61,-73.35,11/03/2011,3,11,2011,QB02,23718.13,2,yes,Ross Sea,20230,Subarea 88.1,Victoria Oates Land,Ross,
COUL,Coulman Island,101001000E224A00,169.61,-73.35,9/17/2011,17,9,2011,QB02,23985.05,3,yes,Ross Sea,20230,Subarea 88.1,Victoria Oates Land,Ross,
COUL,Coulman Island,101001000E23DB00,169.61,-73.35,9/18/2011,18,9,2011,QB02,24899.15,2,yes,Ross Sea,20230,Subarea 88.1,Victoria Oates Land,Ross,
COUL,Coulman Island,101001000E59A900,169.61,-73.35,10/24/2011,24,10,2011,QB02,25274.6592,3,yes,Ross Sea,20230,Subarea 88.1,Victoria Oates Land,Ross,
COUL,Coulman Island,101001000E311E00,169.61,-73.35,9/27/2011,27,9,2011,QB02,29729.95,2,yes,Ross Sea,20230,Subarea 88.1,Victoria Oates Land,Ross,
COUL,Coulman Island,103001000F7F8B00,169.61,-73.35,11/19/2011,19,11,2011,WV02,31005.29,3,yes,Ross Sea,20230,Subarea 88.1,Victoria Oates Land,Ross,
COUL,Coulman Island,NA,169.61,-73.35,,0,0,2012,,NA,NA,yes,Ross Sea,20230,Subarea 88.1,Victoria Oates Land,Ross,
COUL,Coulman Island,1.03E+15,169.61,-73.35,10/17/2013,17,10,2013,WV02,31997.39282,3,yes,Ross Sea,20230,Subarea 88.1,Victoria Oates Land,Ross,
COUL,Coulman Island,1030010036C2F400,169.61,-73.35,9/27/2014,27,9,2014,WV02,56992,3,yes,Ross Sea,20230,Subarea 88.1,Victoria Oates Land,Ross,
COUL,Coulman Island,1040010011361A00,169.61,-73.35,9/21/2015,21,9,2015,WV03,6330.190002,1,yes,Ross Sea,20230,Subarea 88.1,Victoria Oates Land,Ross,
COUL,Coulman Island,103001005C748800,169.61,-73.35,9/14/2016,14,9,2016,WV02,26173.52845,3,yes,Ross Sea,20230,Subarea 88.1,Victoria Oates Land,Ross,
COUL,Coulman Island,1040010032A16E00,169.61,-73.35,9/30/2017,30,9,2017,WV03,13812.79918,3,yes,Ross Sea,20230,Subarea 88.1,Victoria Oates Land,Ross,
COUL,Coulman Island,10400100426F4E00,169.61,-73.35,10/27/2018,27,10,2018,WV03,28328.63,1,yes,Ross Sea,20230,Subarea 88.1,Victoria Oates Land,Ross,
COUL,Coulman Island,WV02_20191107211637_103001009B690B00_19NOV07211637-M1BS-503850434100_01_P001_u16ns3031_pansh.tif,169.61,-73.35,11/07/2019,7,11,2019,WV03,17539.97,3,yes,Ross Sea,20230,Subarea 88.2,Victoria Oates Land,Ross,
COUL,Coulman Island,WV03_20201017212848_104001006374E400_20OCT17212848-M1BS-504766386050_01_P001_u16ns3031_pansh.tif,169.61,-73.35,10/17/2020,17,10,2020,WV03,16592.88,3,yes,Ross Sea,20230,Subarea 88.3,Victoria Oates Land,Ross,
COUL,Coulman Island,WV03_20211106210736_104001006F036600_21NOV06210736-M1BS-505877358090_01_P001_u16ns3031_pansh.tif,169.61,-73.35,11/06/2021,6,11,2021,WV03,20279.73,3,yes,Ross Sea,20230,Subarea 88.4,Victoria Oates Land,Ross,
COUL,Coulman Island,22OCT08213005-S2AS-050272143140_01_P001.TIF,169.61,-73.35,10/08/2022,8,10,2022,WV03,15950.24,3,yes,Ross Sea,20231,Subarea 88.5,Victoria Oates Land,Ross,
COUL,Coulman Island,23NOV05212606-S2AS-050272143150_01_P001.TIF,169.61,-73.35,11/05/2023,5,11,2023,WV03,9059.739,3,yes,Ross Sea,20232,Subarea 88.6,Victoria Oates Land,Ross,
COUL,Coulman Island,24OCT12204250-S2AS-050272143160_01_P001.TIF,169.61,-73.35,10/12/2024,12,10,2024,WV03,15257.03,3,yes,Ross Sea,20233,Subarea 88.7,Victoria Oates Land,Ross,
COUL,Coulman Island,25SEP25001027-P3DS-050498012010_01_P001.TIF,169.61,-73.35,09/25/2025,25,9,2025,WV02,16993.00933,3,yes,Ross Sea,20236,Subarea 88.10,Victoria Oates Land,Ross,combined
CROZ,Cape Crozier,1010010001565B00,169.32,-77.46,10/13/2002,13,10,2002,QB02,879.96,1,yes,Ross Sea,20230,Subarea 88.1,Victoria Oates Land,Ross,
CROZ,Cape Crozier,1.01E+15,169.32,-77.46,10/14/2005,14,10,2005,QB02,325,2,yes,Ross Sea,20230,Subarea 88.1,Victoria Oates Land,Ross,
CROZ,Cape Crozier,10100100054FEE00,169.32,-77.46,11/11/2006,11,11,2006,QB02,378.56,1,yes,Ross Sea,20230,Subarea 88.1,Victoria Oates Land,Ross,
CROZ,Cape Crozier,,169.32,-77.46,10/11/2009,11,10,2009,,325,3,yes,Ross Sea,20230,Subarea 88.1,Victoria Oates Land,Ross,
CROZ,Cape Crozier,1030010006C04F00,169.32,-77.46,9/24/2010,24,9,2010,WV02,964.150649,1,yes,Ross Sea,20230,Subarea 88.1,Victoria Oates Land,Ross,
CROZ,Cape Crozier,103001000E564200,169.32,-77.46,10/04/2011,4,10,2011,WV02,673.38,1,yes,Ross Sea,20230,Subarea 88.1,Victoria Oates Land,Ross,
CROZ,Cape Crozier,1.01E+15,169.32,-77.46,10/15/2012,15,10,2012,QB02,955.078509,1,yes,Ross Sea,20230,Subarea 88.1,Victoria Oates Land,Ross,
CROZ,Cape Crozier,1030010029C11100,169.32,-77.46,10/24/2013,24,10,2013,WV02,715.288735,1,yes,Ross Sea,20230,Subarea 88.1,Victoria Oates Land,Ross,
CROZ,Cape Crozier,1.04E+15,169.32,-77.46,11/10/2014,10,11,2014,WV03,910.386677,3,yes,Ross Sea,20230,Subarea 88.1,Victoria Oates Land,Ross,
CROZ,Cape Crozier,103001004EBA2300,169.32,-77.46,11/25/2015,25,11,2015,WV02,1077.03,3,yes,Ross Sea,20230,Subarea 88.1,Victoria Oates Land,Ross,
CROZ,Cape Crozier,103001005E748300,169.32,-77.46,10/10/2016,10,10,2016,WV02,672.66,1,yes,Ross Sea,20230,Subarea 88.1,Victoria Oates Land,Ross,
CROZ,Cape Crozier,1.04E+15,169.32,-77.46,11/08/2017,8,11,2017,WV03,1374.278418,3,yes,Ross Sea,20230,Subarea 88.1,Victoria Oates Land,Ross,
CROZ,Cape Crozier,10400100417C6200,169.32,-77.46,9/21/2018,21,9,2018,WV03,283.73,2,yes,Ross Sea,20230,Subarea 88.1,Victoria Oates Land,Ross,
CROZ,Cape Crozier,104001005371AC00,169.32,-77.46,10/18/2019,18,10,2019,WV03,NA,NA,NA,Ross Sea,20230,Subarea 88.2,Victoria Oates Land,Ross,
CROZ,Cape Crozier,WV02_20191116204622_103001009D32E600_19NOV16204622-M1BS-503850731040_01_P001_u16ns3031_pansh.tif,169.32,-77.46,11/16/2019,16,11,2019,WV03,1357.216,3,yes,Ross Sea,20230,Subarea 88.3,Victoria Oates Land,Ross,
CROZ,Cape Crozier,WV02_20191202205731_103001009DC47500_19DEC02205731-M1BS-503853863050_01_P001_u16ns3031_pansh.tif,169.32,-77.46,12/02/2019,2,12,2019,WV03,954.0067,3,yes,Ross Sea,20230,Subarea 88.4,Victoria Oates Land,Ross,
CROZ,Cape Crozier,WV02_20201012205504_10300100AE71E100_20OCT12205504-M1BS-505399636090_01_P003_u16ns3031_pansh.tif,169.32,-77.46,10/12/2020,12,10,2020,WV03,2421.931,3,yes,Ross Sea,20230,Subarea 88.5,Victoria Oates Land,Ross,
CROZ,Cape Crozier,WV03_20211020213919_104001006E4E5500_21OCT20213919-M1BS-505837041090_01_P003_u16ns3031_pansh.tif,169.32,-77.46,10/20/2021,20,10,2021,WV03,1212.04,3,yes,Ross Sea,20230,Subarea 88.6,Victoria Oates Land,Ross,
CROZ,Cape Crozier,22OCT19210611-S2AS-050272143050_01_P001.TIF,169.32,-77.46,10/19/2022,19,10,2022,WV03,1356.531,3,yes,Ross Sea,20230,Subarea 88.7,Victoria Oates Land,Ross,
CROZ,Cape Crozier,23NOV14205329-S2AS-050272143070_01_P001.TIF,169.32,-77.46,11/14/2023,14,11,2023,WV03,1305.508,3,yes,Ross Sea,20230,Subarea 88.8,Victoria Oates Land,Ross,
CROZ,Cape Crozier,25OCT10205022-P3DS-050498010010_01_P001.TIF,169.32,-77.46,10/10/2025,10,10,2025,WV02,2569.876563,3,yes,Ross Sea,20230,Subarea 88.8,Victoria Oates Land,Ross,
CBEK,Cape Colbeck,10100100048F6200,-157.715,-77.135,10/01/2005,1,10,2005,QB02,19584.60258,2,yes,Sulzberger Bay,1650,Subarea 88.2,Amundsen Sea,Ross,
CBEK,Cape Colbeck,1010010005420D00,-157.715,-77.135,10/14/2006,14,10,2006,QB02,9036.623777,2,yes,Sulzberger Bay,1650,Subarea 88.2,Amundsen Sea,Ross,
CBEK,Cape Colbeck,101001000A6F9E00,-157.715,-77.135,10/13/2009,13,10,2009,QB02,12262,1,yes,Sulzberger Bay,1650,Subarea 88.2,Amundsen Sea,Ross,
CBEK,Cape Colbeck,101001000C567A00,-157.715,-77.135,9/24/2010,24,9,2010,QB02,20517.75337,1,yes,Sulzberger Bay,1650,Subarea 88.2,Amundsen Sea,Ross,
CBEK,Cape Colbeck,NA,-157.715,-77.135,NA,0,0,2011,NA,NA,NA,yes,Sulzberger Bay,1650,Subarea 88.2,Amundsen Sea,Ross,
CBEK,Cape Colbeck,NA,-157.715,-77.135,NA,0,0,2012,NA,NA,NA,yes,Sulzberger Bay,1650,Subarea 88.2,Amundsen Sea,Ross,
CBEK,Cape Colbeck,1.03E+15,-157.715,-77.135,11/02/2013,2,11,2013,WV02,25227.91369,3,yes,Sulzberger Bay,1650,Subarea 88.2,Amundsen Sea,Ross,
CBEK,Cape Colbeck,10400100031B9000,-157.715,-77.135,10/20/2014,20,10,2014,WV03,30977.21229,3,yes,Sulzberger Bay,1650,Subarea 88.2,Amundsen Sea,Ross,
CBEK,Cape Colbeck,103001004907AE00,-157.715,-77.135,9/23/2015,23,9,2015,WV02,3339.040371,2,yes,Sulzberger Bay,1650,Subarea 88.2,Amundsen Sea,Ross,
CBEK,Cape Colbeck,104001002499B400,-157.715,-77.135,10/29/2016,29,10,2016,WV03,"26,648.33",3,yes,Sulzberger Bay,1650,Subarea 88.2,Amundsen Sea,Ross,
CBEK,Cape Colbeck,103001007212FF00,-157.715,-77.135,9/27/2017,27,9,2017,WV02,13668.81938,2,yes,Sulzberger Bay,1650,Subarea 88.2,Amundsen Sea,Ross,
CBEK,Cape Colbeck,10300100871F4100,-157.715,-77.135,9/24/2018,24,9,2018,WV02,NA,NA,NA,Sulzberger Bay,1650,Subarea 88.2,Amundsen Sea,Ross,
CBEK,Cape Colbeck,WV02_20191117182950_103001009D107C00_19NOV17182950-M1BS-503850749080_01_P001_u16ns3031_pansh.tif,-157.715,-77.135,11/17/2019,17,11,2019,WV02,57735.5,3,yes,Sulzberger Bay,1650,Subarea 88.2,Amundsen Sea,Ross,
CBEK,Cape Colbeck,WV02_20201124192843_10300100AF9E4F00_20NOV24192843-M1BS-504892757090_01_P001_u16ns3031_pansh.tif,-157.715,-77.135,11/24/2020,24,11,2020,WV02,55351.9,3,yes,Sulzberger Bay,1650,Subarea 88.2,Amundsen Sea,Ross,
CBEK,Cape Colbeck,WV02_20211107190334_10300100C8450700_21NOV07190334-M1BS-505877345100_01_P001_u16ns3031_pansh.tif,-157.715,-77.135,11/07/2021,7,11,2021,WV02,64231.1,3,yes,Sulzberger Bay,1650,Subarea 88.2,Amundsen Sea,Ross,
CBEK,Cape Colbeck,22OCT13175813-S2AS-050272143010_01_P001.TIF,-157.715,-77.135,10/13/2022,13,10,2022,WV03,23764.61,3,yes,Sulzberger Bay,1650,Subarea 88.2,Amundsen Sea,Ross,
CBEK,Cape Colbeck,23NOV10182047-S2AS-050272143030_01_P001.TIF,-157.715,-77.135,11/23/2023,23,11,2023,WV03,26111.57,3,yes,Sulzberger Bay,1650,Subarea 88.3,Amundsen Sea,Ross,
CBEK,Cape Colbeck,24OCT18184722-S2AS-050272143040_01_P001.TIF,-157.715,-77.135,10/24/2024,24,10,2024,WV03,18804.98835,3,yes,Sulzberger Bay,1650,Subarea 88.4,Amundsen Sea,Ross,
CBEK,Cape Colbeck,25SEP29221944-P3DS-050498011010_01_P001.TIF,-157.715,-77.135,09/29/2025,29,9,2025,WV02,26896.49848,3,yes,Sulzberger Bay,1651,Subarea 88.5,Amundsen Sea,Ross,
FRAN,Franklin Island,10100100015D1800,168.43,-76.18,10/23/2002,23,10,2002,QB02,5662.21,1,yes,Ross Sea,20230,Subarea 88.1,Victoria Oates Land,Ross,
FRAN,Franklin Island,10100100049C7E00,168.43,-76.18,10/26/2005,26,10,2005,QB02,6449,2,yes,Ross Sea,20230,Subarea 88.1,Victoria Oates Land,Ross,
FRAN,Franklin Island,1.01E+11,168.43,-76.18,10/24/2006,24,10,2006,QB02,NA,NA,yes,Ross Sea,20230,Subarea 88.1,Victoria Oates Land,Ross,
FRAN,Franklin Island,101001000745F100,168.43,-76.18,10/17/2007,17,10,2007,QB02,NA,NA,yes,Ross Sea,20230,Subarea 88.1,Victoria Oates Land,Ross,
FRAN,Franklin Island,101001000A6FBC00,168.43,-76.18,10/13/2009,13,10,2009,QB02,8101,3,yes,Ross Sea,20230,Subarea 88.1,Victoria Oates Land,Ross,
FRAN,Franklin Island,10300100071A4100,168.43,-76.18,9/24/2010,24,9,2010,WV02,13622.01513,3,yes,Ross Sea,20230,Subarea 88.1,Victoria Oates Land,Ross,
FRAN,Franklin Island,103001000D888000,168.43,-76.18,9/19/2011,19,9,2011,WV02,7400.45379,3,yes,Ross Sea,20230,Subarea 88.1,Victoria Oates Land,Ross,
FRAN,Franklin Island,10100100106B3700,168.43,-76.18,10/17/2012,17,10,2012,QB02,NA,1,yes,Ross Sea,20230,Subarea 88.1,Victoria Oates Land,Ross,
FRAN,Franklin Island,10100100120ADA00,168.43,-76.18,10/24/2013,24,10,2013,QB02,9424.523841,1,yes,Ross Sea,20230,Subarea 88.1,Victoria Oates Land,Ross,
FRAN,Franklin Island,1040010004D3DB00,168.43,-76.18,11/20/2014,20,11,2014,WV03,4358.182349,3,yes,Ross Sea,20230,Subarea 88.1,Victoria Oates Land,Ross,
FRAN,Franklin Island,1040010012A43300,168.43,-76.18,10/15/2015,15,10,2015,WV03,1989.588273,2,yes,Ross Sea,20230,Subarea 88.1,Victoria Oates Land,Ross,
FRAN,Franklin Island,103001005DAF5400,168.43,-76.18,9/19/2016,19,9,2016,WV02,5083.162732,1,yes,Ross Sea,20230,Subarea 88.1,Victoria Oates Land,Ross,
FRAN,Franklin Island,1.04E+15,168.43,-76.18,11/10/2017,10,11,2017,WV03,3097.795063,2,yes,Ross Sea,20230,Subarea 88.1,Victoria Oates Land,Ross,
FRAN,Franklin Island,NA,168.43,-76.18,NA,0,0,2018,NA,NA,NA,NA,Ross Sea,20230,Subarea 88.1,Victoria Oates Land,Ross,
FRAN,Franklin Island,WV03_20190920211502_1040010051398600_19SEP20211502-M1BS-503726064080_01_P001_u16ns3031_pansh.tif,168.43,-76.18,09/20/2019,20,9,2019,WV03,726.1447,1,yes,Ross Sea,20230,Subarea 88.2,Victoria Oates Land,Ross,
FRAN,Franklin Island,WV03_20201123211437_1040010061C34D00_20NOV23211437-M1BS-504892808030_01_P001_u16ns3031_pansh.tif,168.43,-76.18,11/23/2020,23,11,2020,WV03,7486.008,1,yes,Ross Sea,20230,Subarea 88.3,Victoria Oates Land,Ross,
FRAN,Franklin Island,WV02_20211013210555_10300100C74B6A00_21OCT13210555-M1BS-505796174050_01_P001_u16ns3031_pansh.tif,168.43,-76.18,10/13/2021,13,10,2021,WV03,4032.697,3,yes,Ross Sea,20230,Subarea 88.4,Victoria Oates Land,Ross,
FRAN,Franklin Island,22NOV18204108-S2AS-050272143120_01_P001.TIF,168.43,-76.18,11/18/2022,18,11,2022,WV03,3283.479,3,yes,Ross Sea,20230,Subarea 88.5,Victoria Oates Land,Ross,
FRAN,Franklin Island,23OCT15205727-S2AS-050272143130_01_P001.TIF,168.43,-76.18,10/23/2023,23,10,2023,WV03,4489.221,3,yes,Ross Sea,20230,Subarea 88.6,Victoria Oates Land,Ross,
FRAN,Franklin Island,25OCT24235922-P3DS-050498009010_01_P001.TIF,168.43,-76.18,10/24/2025,24,10,2025,WV02,2934.939757,3,yes,Ross Sea,20231,Subarea 88.7,Victoria Oates Land,Ross,
ROGE,Cape Roget,20041020211742_1010010003570200_04OCT20211742-M1BS-052811972100_01_P006_u16ns3031_pansh.tif,170.59,-71.99,10/20/2004,20,10,2004,QB02,6607.131745,2,yes,Ross Sea,20230,Subarea 88.1,Victoria Oates Land,Ross,
ROGE,Cape Roget,20051012215339_1010010004949100_05OCT12215339-P1BS-052187271010_01_P005_u16ns3031.tif,170.59,-71.99,10/12/2005,12,10,2005,QB02,10007.30484,2,yes,Ross Sea,20230,Subarea 88.1,Victoria Oates Land,Ross,
ROGE,Cape Roget,20061105214249_10100100054D2200_06NOV05214249-M1BS-052187306010_01_P004_u16ns3031_pansh.tif,170.59,-71.99,11/05/2006,5,11,2006,QB02,4161.560772,2,yes,Ross Sea,20230,Subarea 88.1,Victoria Oates Land,Ross,
ROGE,Cape Roget,10300100853BEC00,170.59,-71.99,10/16/2009,16,10,2009,WV03,10186,2,yes,Ross Sea,20230,Subarea 88.1,Victoria Oates Land,Ross,
ROGE,Cape Roget,1.03E+15,170.59,-71.99,10/02/2010,2,10,2010,WV02,10843.46,3,yes,Ross Sea,20230,Subarea 88.1,Victoria Oates Land,Ross,
ROGE,Cape Roget,103001000E722900,170.59,-71.99,9/14/2011,14,9,2011,WV02,7623.143141,2,yes,Ross Sea,20230,Subarea 88.1,Victoria Oates Land,Ross,
ROGE,Cape Roget,1.05E+15,170.59,-71.99,10/14/2012,14,10,2012,GE01,8116.480116,2,yes,Ross Sea,20230,Subarea 88.1,Victoria Oates Land,Ross,
ROGE,Cape Roget,1030010029A6D000,170.59,-71.99,10/30/2013,30,10,2013,WV02,8391.130814,2,yes,Ross Sea,20230,Subarea 88.1,Victoria Oates Land,Ross,
ROGE,Cape Roget,10300100372EB300,170.59,-71.99,10/22/2014,22,10,2014,WV02,7997.22,2,yes,Ross Sea,20230,Subarea 88.1,Victoria Oates Land,Ross,
ROGE,Cape Roget,1.04E+15,170.59,-71.99,9/28/2015,28,9,2015,WV03,9144.845,1,yes,Ross Sea,20230,Subarea 88.1,Victoria Oates Land,Ross,
ROGE,Cape Roget,1040010021B61400,170.59,-71.99,9/06/2016,6,9,2016,WV03,2673.78047,1,yes,Ross Sea,20230,Subarea 88.1,Victoria Oates Land,Ross,
ROGE,Cape Roget,10400100333A7700,170.59,-71.99,10/06/2017,6,10,2017,WV03,5546.83228,1,yes,Ross Sea,20230,Subarea 88.1,Victoria Oates Land,Ross,
ROGE,Cape Roget,1040010043C19800,170.59,-71.99,10/09/2018,9,10,2018,WV03,6040.33,2,yes,Ross Sea,20230,Subarea 88.1,Victoria Oates Land,Ross,
ROGE,Cape Roget,19OCT12203414-S2AS-050272143200_01_P001.TIF,170.59,-71.99,10/19/2019,19,10,2019,WV03,5746.693,3,yes,Ross Sea,20230,Subarea 88.2,Victoria Oates Land,Ross,
ROGE,Cape Roget,WV02_20201020205830_10300100AFB4A700_20OCT20205830-M1BS-504800886050_01_P007_u16ns3031_pansh.tif,170.59,-71.99,10/20/2020,20,10,2020,WV03,5824.173,3,yes,Ross Sea,20230,Subarea 88.3,Victoria Oates Land,Ross,
ROGE,Cape Roget,WV02_20211005205902_10300100C63CF600_21OCT05205902-M1BS-505766730010_01_P007_u16ns3031_pansh.tif,170.59,-71.99,10/05/2021,5,10,2021,WV03,7283.13,3,yes,Ross Sea,20230,Subarea 88.4,Victoria Oates Land,Ross,
ROGE,Cape Roget,22NOV08211939-S2AS-050272143210_01_P001.TIF,170.59,-71.99,11/08/2022,8,11,2022,WV03,4058.679,3,yes,Ross Sea,20230,Subarea 88.5,Victoria Oates Land,Ross,
ROGE,Cape Roget,23OCT21221157-S2AS-050272143220_01_P001.TIF,170.59,-71.99,10/21/2023,21,10,2023,WV03,5415.549,3,yes,Ross Sea,20230,Subarea 88.6,Victoria Oates Land,Ross,
ROGE,Cape Roget,24OCT11211806-S2AS-050272143230_01_P001.TIF,170.59,-71.99,10/24/2024,24,10,2024,WV03,6321.303,3,yes,Ross Sea,20230,Subarea 88.7,Victoria Oates Land,Ross,
ROGE,Cape Roget,25OCT22212910-P3DS-050498007010_01_P001.TIF,170.59,-71.99,10/22/2025,22,10,2025,WV02,3743.167368,3,yes,Ross Sea,20231,Subarea 88.8,Victoria Oates Land,Ross,
WASH,Cape Washington,10100100049D0100,165.37,-74.64,10/27/2005,27,10,2005,QB02,11510,2,yes,Ross Sea,20230,Subarea 88.1,Victoria Oates Land,Ross,
WASH,Cape Washington,1010010005477A00,165.37,-74.64,10/25/2006,25,10,2006,QB02,16695,2,yes,Ross Sea,20230,Subarea 88.1,Victoria Oates Land,Ross,
WASH,Cape Washington,101001000A741800,165.37,-74.64,10/16/2009,16,10,2009,QB02,12663,3,yes,Ross Sea,20230,Subarea 88.1,Victoria Oates Land,Ross,
WASH,Cape Washington,1.03E+15,165.37,-74.64,9/22/2010,22,9,2010,WV02,NA,1,yes,Ross Sea,20230,Subarea 88.1,Victoria Oates Land,Ross,
WASH,Cape Washington,103001000DBF0400,165.37,-74.64,9/30/2011,30,9,2011,WV02,22119.81,3,yes,Ross Sea,20230,Subarea 88.1,Victoria Oates Land,Ross,
WASH,Cape Washington,103001001C8C7C00,165.37,-74.64,10/08/2012,8,10,2012,WV02,NA,1,yes,Ross Sea,20230,Subarea 88.1,Victoria Oates Land,Ross,
WASH,Cape Washington,1030010027101F00,165.37,-74.64,10/17/2013,17,10,2013,WV02,NA,1,yes,Ross Sea,20230,Subarea 88.1,Victoria Oates Land,Ross,
WASH,Cape Washington,1030010037A9DF00,165.37,-74.64,9/20/2014,20,9,2014,WV02,13227,1,yes,Ross Sea,20230,Subarea 88.1,Victoria Oates Land,Ross,
WASH,Cape Washington,1.03E+12,165.37,-74.64,11/07/2015,7,11,2015,WV02,13795.72,3,yes,Ross Sea,20230,Subarea 88.1,Victoria Oates Land,Ross,
WASH,Cape Washington,103001005EB91E00,165.37,-74.64,10/07/2016,7,10,2016,WV02,18750.4,1,yes,Ross Sea,20230,Subarea 88.1,Victoria Oates Land,Ross,
WASH,Cape Washington,1.04E+15,165.37,-74.64,11/18/2017,18,11,2017,WV03,NA,NA,yes,Ross Sea,20230,Subarea 88.1,Victoria Oates Land,Ross,
WASH,Cape Washington,10400100441FF200,165.37,-74.64,10/31/2018,31,10,2018,QB02,13757.3,3,yes,Ross Sea,20230,Subarea 88.1,Victoria Oates Land,Ross,
WASH,Cape Washington,103001009BC68400,165.37,-74.64,9/15/2019,15,9,2019,WV02,NA,NA,yes,Ross Sea,20230,Subarea 88.1,Victoria Oates Land,Ross,
WASH,Cape Washington,WV02_20191105205137_103001009D7D4700_19NOV05205137-M1BS-503850394080_01_P001_u16ns3031_pansh.tif,165.37,-74.64,11/05/2019,5,11,2019,WV02,20088.47,2,yes,Ross Sea,20230,Subarea 88.2,Victoria Oates Land,Ross,
WASH,Cape Washington,WV02_20200913220212_10300100AE9CC800_20SEP13220212-M1BS-504711871030_01_P005_u16ns3031_pansh.tif,165.37,-74.64,09/13/2020,13,9,2020,WV02,5067.181,2,yes,Ross Sea,20230,Subarea 88.3,Victoria Oates Land,Ross,
WASH,Cape Washington,WV02_20211007212706_10300100C7168F00_21OCT07212706-M1BS-505769685090_01_P001_u16ns3031_pansh.tif,165.37,-74.64,10/07/2021,7,10,2021,WV02,7398.34,2,yes,Ross Sea,20230,Subarea 88.4,Victoria Oates Land,Ross,
WASH,Cape Washington,22NOV09213720-S2AS-050272143170_01_P001.TIF,165.37,-74.64,11/09/2022,9,11,2022,WV02,12362.19,1,yes,Ross Sea,20230,Subarea 88.5,Victoria Oates Land,Ross,
WASH,Cape Washington,23OCT05215911-S2AS-050272143180_01_P001.TIF,165.37,-74.64,10/05/2023,5,10,2023,WV02,7894.447,2,yes,Ross Sea,20230,Subarea 88.6,Victoria Oates Land,Ross,
WASH,Cape Washington,24OCT27210449-S2AS-050272143190_01_P001.TIF,165.37,-74.64,10/27/2024,27,10,2024,WV02,8970.449,3,yes,Ross Sea,20230,Subarea 88.7,Victoria Oates Land,Ross,
WASH,Cape Washington,25NOV01204221-P3DS-050498008010_01_P001.TIF,165.37,-74.64,11/01/2025,1,11,2025,WV02,6302.404188,3,yes,Ross Sea,20231,Subarea 88.8,Victoria Oates Land,Ross,
