colony,image_id,lat,lon,date,time_UTC,area_m2,image_qual,notes,method,date_time,date_utc,time_utc,ts,year,month,day,doy,met_ff10,temp_airK,d2m,met_humc,rh_water,rh_ice,met_rad
Coulman ,25SEP25001027-P3DS-050498012010_01_P001.TIF,-73.3483,169.6242,25/09/2025,0:10:27,5566.763985,3,birds on top of iceberg,Set Null,25/09/2025 0:10,25/09/2025,00:10:27 UTC,25/09/2025 0:10,2025,9,25,268,2.611344814300537,251.97093200683594,247.66868591308594,83.41864645871817,68.03520025135383,83.41864645871817,238.91555555555556
Coulman ,25SEP25001027-P3DS-050498012010_01_P001.TIF,-73.3483,169.6242,25/09/2025,0:10:27,11426.24535,3,birds at colony ,Set Null,25/09/2025 0:10,25/09/2025,00:10:27 UTC,25/09/2025 0:10,2025,9,25,268,2.611344814300537,251.97093200683594,247.66868591308594,83.41864645871817,68.03520025135383,83.41864645871817,238.91555555555556
Coulman ,25SEP25001027-P3DS-050498012010_01_P001.TIF,-73.3483,169.6242,25/09/2025,0:10:27,16993.00933,3,combined areas iceberg and colony ,Set Null,25/09/2025 0:10,25/09/2025,00:10:27 UTC,25/09/2025 0:10,2025,9,25,268,2.611344814300537,251.97093200683594,247.66868591308594,83.41864645871817,68.03520025135383,83.41864645871817,238.91555555555556
Franklin,25OCT24235922-P3DS-050498009010_01_P001.TIF,-76.17738,168.394475,24/10/2025,23:59:22,2934.939757,3,guano areas make it a little difficult,Set Null,24/10/2025 23:59,24/10/2025,23:59:22 UTC,24/10/2025 23:59,2025,10,24,297,3.261432647705078,253.79380798339844,250.53387451171875,90.56267937015583,75.16142564290158,90.56267937015583,397.6355555555556
Colbeck ,25SEP29221944-P3DS-050498011010_01_P001.TIF,-77.1514,-157.5841,29/09/2025,22:19:44,26896.49848,3,,Set Null,29/09/2025 22:19,29/09/2025,22:19:44 UTC,29/09/2025 22:19,2025,9,29,272,4.3459577560424805,250.7564239501953,246.91697692871094,87.68249090937138,70.68846127,87.68249090937138,190.08
Beaufort ,25OCT03002129-P3DS-050498013010_01_P001.TIF,-76.927573,166.924777,3/10/2025,0:21:29,278.515083,2,ice texture makes it diffcult ,Set Null,3/10/2025 0:21,3/10/2025,00:21:29 UTC,3/10/2025 0:21,2025,10,3,276,1.507341742515564,259.63092041015625,254.27781677246094,72.72321708074286,63.838592826812366,72.72321708074286,170.56
Roget ,25OCT22212910-P3DS-050498007010_01_P001.TIF,-71.983066,170.607817,22/10/2025,21:29:10,3743.167368,3,,Set Null,22/10/2025 21:29,22/10/2025,21:29:10 UTC,22/10/2025 21:29,2025,10,22,295,7.537265300750732,256.86444091796875,250.3014373779297,66.32915630717565,56.69578852335427,66.32915630717565,246.91555555555556
Washington ,25NOV01204221-P3DS-050498008010_01_P001.TIF,-74.645037,165.388537,1/11/2025,20:42:21,6302.404188,3,pansharpened colour image. Small shaddow,Maximum Likelihood,1/11/2025 20:42,1/11/2025,20:42:21 UTC,1/11/2025 20:42,2025,11,1,305,5.935633182525635,258.79083251953125,253.41757202148438,72.93556398608311,63.50904775419886,72.93556398608311,327.1111111111111
Crozier,25OCT10205022-P3DS-050498010010_01_P001.TIF,-77.448746,169.277041,10/10/2025,20:50:22,2569.876563,3,pansharpened colour image. Small shaddow,Maximum Likelihood,10/10/2025 20:50,10/10/2025,20:50:22 UTC,10/10/2025 20:50,2025,10,10,283,4.457452774047852,250.4396973,246.4287109,86.47599176,69.50562500762537,86.47599176,168.14222222222222
Coulman ,24OCT12204250-S2AS-050272143160_01_P001.TIF,-73.3483,169.6242,12/10/2024,20:42:50,15257.03,3,,Maximum Likelihood,12/10/2024 20:42,12/10/2024,20:42:50 UTC,12/10/2024 20:42,2024,10,12,286,0.9313523769378662,255.4553680419922,250.2682647705078,75.50411573108435,63.67038741850963,75.50411573108435,182.88
Colbeck ,24OCT18184722-S2AS-050272143040_01_P001.TIF,-77.1514,-157.5841,18/10/2024,18:47:22,18804.98835,3,,Maximum Likelihood,18/10/2024 18:47,18/10/2024,18:47:22 UTC,18/10/2024 18:47,2024,10,18,292,3.3236963748931885,257.16998291015625,251.01568603515625,68.68487667303322,58.882114193463714,68.68487667303322,95.80444444444444
Roget ,24OCT11211806-S2AS-050272143230_01_P001.TIF,-71.983066,170.607817,11/10/2024,21:18:06,6321.303,3,,Maximum Likelihood,11/10/2024 21:18,11/10/2024,21:18:06 UTC,11/10/2024 21:18,2024,10,11,285,0.6327423453330994,254.564209,249.51263427734375,76.79821866959598,64.21022601686829,76.79821866959598,294.2577777777778
Washington ,24OCT27210449-S2AS-050272143190_01_P001.TIF,-74.645037,165.388537,27/10/2024,21:04:49,8970.449,3,,Maximum Likelihood,27/10/2024 21:04,27/10/2024,21:04:49 UTC,27/10/2024 21:04,2024,10,27,301,9.365502357,261.6375732421875,253.1935272216797,55.19993868717552,49.402450847540464,55.19993868717552,345.5288888888889
